permno,secid,sp_beg,sp_end,lnk_beg,lnk_end
10078.0,110611.0,1992-08-20,2010-01-28,1996-01-02,2010-01-26
10104.0,108505.0,1989-08-03,2020-12-31,1996-01-01,2030-12-31
10107.0,107525.0,1994-06-07,2020-12-31,1996-01-02,2030-12-31
10108.0,110622.0,2002-07-22,2005-08-11,1996-01-01,2005-08-11
10137.0,101226.0,2000-12-11,2011-02-25,1996-01-01,2011-02-25
10138.0,109181.0,1999-10-13,2020-12-31,1996-01-01,2030-12-31
10145.0,105785.0,1925-12-31,2020-12-31,1996-01-01,2030-12-31
10147.0,104049.0,1996-03-28,2016-09-07,1996-01-02,2016-09-06
10225.0,104958.0,1925-12-31,2014-04-30,1996-01-01,2014-04-30
10299.0,106982.0,2000-04-03,2017-03-10,1996-01-02,2017-03-10
10324.0,105216.0,2001-12-14,2011-04-01,1996-01-01,2011-04-08
10353.0,101053.0,1999-10-01,2001-05-11,1996-01-01,2011-10-04
10364.0,5061.0,1925-12-31,1999-10-26,1996-01-01,1999-11-17
10401.0,100930.0,1957-03-01,2005-11-18,1996-01-02,2005-11-18
10516.0,101639.0,1981-07-30,2020-12-31,1996-01-02,2030-12-31
10562.0,110368.0,2004-07-01,2009-01-29,1996-01-02,2009-01-29
10604.0,5067.0,1957-03-01,2000-04-17,1996-01-01,2000-04-17
10693.0,105615.0,1997-01-07,2003-03-20,1996-01-02,2030-12-31
10696.0,104870.0,2001-04-02,2020-12-31,1996-01-02,2030-12-31
10725.0,102924.0,2000-06-19,2004-08-31,1996-01-01,2004-08-31
10786.0,102117.0,1925-12-31,2000-12-08,1996-01-02,2002-06-11
10791.0,110166.0,1994-01-18,2000-06-20,1996-01-02,2005-11-04
10866.0,102381.0,1957-03-01,1996-07-19,1996-01-01,2030-12-31
10874.0,102386.0,1973-03-01,2008-06-20,1996-01-02,2030-12-31
10890.0,111404.0,1954-04-20,2008-11-10,1996-01-02,2030-12-31
10909.0,102893.0,2010-04-30,2020-12-31,1996-01-02,2030-12-31
10942.0,103312.0,1999-10-27,2007-01-31,1996-01-02,2013-02-04
10989.0,5142.0,1957-03-01,2000-10-02,1996-01-01,2000-10-04
11042.0,112129.0,1996-04-01,2002-05-14,1996-01-01,2002-07-29
11081.0,103749.0,1996-09-06,2013-10-28,1996-01-02,2013-10-29
11260.0,5191.0,1928-11-26,1998-11-12,1996-01-01,1998-11-12
11308.0,103125.0,1957-03-01,2020-12-31,1996-01-02,2030-12-31
11340.0,5206.0,1925-12-31,2000-11-01,1996-01-01,2000-11-01
11403.0,102602.0,2017-09-18,2020-12-31,1996-01-02,2030-12-31
11404.0,103355.0,1925-12-31,2020-12-31,1996-01-01,2030-12-31
11415.0,102025.0,2006-02-27,2008-12-22,1996-01-02,2008-12-22
11552.0,102822.0,2006-11-06,2019-11-20,1996-01-02,2030-12-31
11600.0,103784.0,2008-11-14,2020-12-31,1996-01-02,2030-12-31
11607.0,103675.0,1957-03-01,2006-03-02,1996-01-02,2006-03-03
11618.0,104618.0,2008-09-15,2020-12-31,1996-01-02,2030-12-31
11674.0,103654.0,1925-12-31,2020-12-31,1996-01-01,2030-12-31
11703.0,103969.0,1957-03-01,2017-08-31,1996-01-02,2017-08-31
11754.0,104118.0,1925-12-31,2010-12-17,1996-01-02,2012-01-18
11762.0,104124.0,1957-03-01,2020-12-31,1996-01-02,2030-12-31
11786.0,110169.0,2018-03-19,2020-12-31,1996-01-02,2030-12-31
11850.0,104533.0,1925-12-31,2020-12-31,1996-01-01,2030-12-31
11891.0,107110.0,2017-07-26,2020-12-31,1996-01-01,2030-12-31
11896.0,107289.0,2000-05-10,2007-09-26,1996-01-02,2030-12-31
11896.0,107289.0,2018-12-03,2020-12-31,1996-01-02,2030-12-31
11955.0,111893.0,1998-07-17,2020-12-31,1996-01-01,2030-12-31
11970.0,101426.0,2000-06-01,2007-02-14,1996-01-02,2007-02-14
11976.0,101903.0,1998-10-01,2013-09-10,1996-01-01,2013-09-10
11983.0,102157.0,2000-01-31,2003-11-12,1996-01-02,2003-11-12
11997.0,103199.0,1993-12-13,2002-11-18,1996-01-02,2002-11-18
12052.0,105168.0,1957-03-01,2020-12-31,1996-01-02,2030-12-31
12060.0,105169.0,1957-03-01,2020-12-31,1996-01-02,2030-12-31
12062.0,106790.0,2004-11-01,2020-12-31,1996-01-01,2030-12-31
12067.0,108266.0,2000-06-19,2012-06-04,1996-01-02,2012-06-04
12073.0,108871.0,2008-11-13,2020-12-31,1996-01-02,2030-12-31
12076.0,110158.0,2015-07-29,2018-03-16,1996-01-01,2030-12-31
12079.0,105175.0,1925-12-31,2009-06-02,1996-01-02,2009-06-01
12095.0,9555.0,1957-03-01,1998-10-06,1996-01-01,1998-10-06
12140.0,105338.0,1957-03-01,2012-07-30,1996-01-02,2012-07-26
12308.0,139906.0,2016-09-08,2020-12-31,2010-09-14,2030-12-31
12319.0,105776.0,1957-03-01,2001-12-14,1996-01-02,2001-12-14
12345.0,144460.0,2012-09-05,2020-12-31,2010-10-14,2030-12-31
12369.0,144671.0,2013-06-07,2020-12-31,2010-11-18,2030-12-31
12431.0,106119.0,1957-03-01,2009-06-30,1996-01-02,2030-12-31
12431.0,106119.0,2010-11-17,2020-12-31,1996-01-02,2030-12-31
12448.0,145665.0,2019-01-02,2020-12-31,2010-12-09,2030-12-31
12449.0,145682.0,2018-06-20,2020-12-31,2010-12-15,2030-12-31
12456.0,145727.0,2011-01-04,2012-05-24,2011-01-04,2012-05-21
12458.0,109753.0,1957-03-01,1998-06-30,1996-01-01,2007-10-18
12490.0,106276.0,1957-03-01,2020-12-31,1996-01-02,2030-12-31
12503.0,107975.0,1925-12-31,2006-12-19,1996-01-02,2030-12-31
12511.0,5496.0,1975-02-06,2000-10-17,1996-01-01,2000-10-17
12542.0,145873.0,2013-07-09,2020-12-31,2011-01-26,2030-12-31
12546.0,106045.0,1925-12-31,2002-07-19,1996-01-02,2006-11-16
12558.0,146036.0,2012-05-25,2020-12-31,2011-02-11,2030-12-31
12570.0,105955.0,1957-03-01,2011-10-31,1996-01-01,2030-12-31
12622.0,146286.0,2015-01-27,2020-12-31,2011-03-10,2030-12-31
12623.0,146334.0,2018-01-03,2020-12-31,2011-03-31,2030-12-31
12650.0,106625.0,1999-04-05,2000-07-12,1996-01-01,2030-12-31
12650.0,106625.0,2013-05-24,2020-12-31,1996-01-01,2030-12-31
12749.0,106599.0,1957-03-01,2002-01-16,1996-01-02,2002-12-18
12872.0,148257.0,2011-07-01,2020-12-31,2011-07-01,2030-12-31
12981.0,149582.0,2016-06-24,2020-12-31,2011-10-04,2030-12-31
13035.0,150893.0,2011-11-01,2020-12-31,2011-11-01,2030-12-31
13056.0,101384.0,1989-10-05,2004-04-30,1996-01-01,2013-08-08
13100.0,107297.0,1944-06-07,2005-08-29,1996-01-01,2005-08-29
13103.0,151196.0,2012-12-24,2020-12-31,2011-11-17,2030-12-31
13119.0,107309.0,1960-12-14,2006-03-31,1996-01-02,2006-03-31
13141.0,151404.0,2012-01-03,2014-03-21,2012-01-03,2030-12-31
13142.0,151413.0,2013-11-13,2020-05-11,2011-12-15,2019-01-01
13168.0,151386.0,2011-12-21,2019-12-20,2011-12-21,2030-12-31
13356.0,152875.0,2012-05-01,2020-12-31,2012-05-01,2030-12-31
13407.0,154402.0,2013-12-23,2020-12-31,2012-05-18,2030-12-31
13447.0,154666.0,2019-11-21,2020-12-31,2012-07-02,2030-12-31
13567.0,155119.0,2012-10-01,2016-05-02,2012-10-01,2016-04-29
13586.0,108861.0,2012-10-01,2020-12-31,2012-10-01,2030-12-31
13598.0,155122.0,2012-10-02,2015-07-02,2012-10-02,2015-07-02
13641.0,155274.0,2018-12-03,2020-12-31,2012-10-12,2030-12-31
13688.0,108609.0,1925-12-31,2019-01-17,1996-01-01,2030-12-31
13721.0,160586.0,2013-01-02,2020-12-31,2013-01-02,2030-12-31
13760.0,161182.0,2017-10-13,2020-12-31,2013-01-18,2030-12-31
13788.0,161291.0,2013-06-24,2020-12-31,2013-02-01,2030-12-31
13821.0,108877.0,1940-04-15,2007-02-21,1996-01-02,2007-02-21
13856.0,108893.0,1957-03-01,2020-12-31,1996-01-02,2030-12-31
13901.0,108965.0,1957-03-01,2020-12-31,1996-01-02,2030-12-31
13911.0,166320.0,2017-08-29,2020-12-31,2013-05-09,2030-12-31
13928.0,108969.0,1957-03-01,2020-12-31,1996-01-02,2030-12-31
13936.0,108970.0,2013-02-14,2020-12-31,1996-01-02,2030-12-31
13949.0,166814.0,2019-09-23,2020-12-31,2013-06-27,2030-12-31
13963.0,166742.0,2013-07-01,2020-12-31,2013-07-01,2030-12-31
13964.0,166743.0,2015-09-21,2020-12-31,2013-07-01,2030-12-31
13983.0,166723.0,2016-10-03,2020-09-18,2013-06-13,2030-12-31
14008.0,101508.0,1992-01-02,2020-12-31,1996-01-01,2030-12-31
14011.0,166732.0,2014-08-19,2017-07-25,2013-07-01,2030-12-31
14277.0,109956.0,1965-03-04,2020-12-31,1996-01-02,2030-12-31
14295.0,189705.0,2018-06-07,2020-12-31,2013-11-07,2030-12-31
14297.0,189767.0,2013-12-02,2020-12-31,2013-12-02,2030-12-31
14322.0,110002.0,1925-12-31,2005-03-24,1996-01-02,2005-03-24
14323.0,101549.0,1984-11-23,2006-09-29,1996-01-02,2007-12-27
14338.0,189909.0,2017-06-19,2020-12-31,2013-12-12,2030-12-31
14541.0,102968.0,1925-12-31,2020-12-31,1996-01-02,2030-12-31
14542.0,203876.0,2014-04-03,2020-12-31,2014-04-03,2030-12-31
14579.0,203998.0,2020-01-28,2020-12-31,2014-04-15,2030-12-31
14593.0,101594.0,1982-11-18,2020-12-31,1996-01-02,2030-12-31
14601.0,204016.0,2014-05-01,2018-06-04,2014-05-01,2030-12-31
14656.0,110627.0,1969-03-06,2012-10-04,1996-01-01,2012-10-04
14702.0,101610.0,1995-03-16,2020-12-31,1996-01-01,2030-12-31
14704.0,204478.0,2017-06-02,2020-12-31,2014-06-19,2030-12-31
14714.0,204392.0,2018-08-28,2020-12-31,2014-06-06,2030-12-31
14736.0,110967.0,1925-12-31,2001-10-09,1996-01-02,2001-10-09
14763.0,204869.0,2020-09-21,2020-12-31,2014-07-31,2030-12-31
14776.0,205036.0,2015-11-18,2020-12-31,2014-07-31,2030-12-31
14795.0,111054.0,1964-02-20,2001-08-06,1996-01-02,2030-12-31
14883.0,5963.0,1957-03-01,1999-04-30,1996-01-01,1999-04-30
14889.0,205457.0,2016-02-01,2020-12-31,2014-09-24,2030-12-31
14891.0,111501.0,1957-03-01,2005-08-10,1996-01-02,2005-08-10
14939.0,205640.0,2018-11-06,2020-12-31,2014-11-03,2030-12-31
15069.0,111296.0,1925-12-31,2020-12-31,1996-01-02,2030-12-31
15077.0,111298.0,1987-04-09,2009-01-05,1996-01-02,2009-01-05
15202.0,111822.0,1999-07-01,2020-12-31,1996-01-02,2030-12-31
15291.0,207039.0,2020-09-21,2020-12-31,2015-04-16,2030-12-31
15368.0,6029.0,1950-07-03,2000-05-04,1996-01-01,2000-05-03
15401.0,207402.0,2015-07-01,2016-06-02,2015-07-01,2016-06-02
15404.0,207409.0,2015-07-02,2016-07-05,2015-07-02,2016-06-30
15408.0,207608.0,2015-07-06,2020-12-31,2015-07-06,2030-12-31
15456.0,111652.0,1925-12-31,1998-12-31,1996-01-01,2030-12-31
15456.0,111652.0,2016-04-04,2019-08-08,1996-01-01,2030-12-31
15472.0,112142.0,1957-03-01,2008-10-06,1996-01-02,2008-10-06
15488.0,207609.0,2015-07-20,2020-12-31,2015-07-20,2030-12-31
15553.0,100897.0,2011-12-13,2016-06-30,1996-01-01,2016-06-30
15560.0,109447.0,1973-03-01,2011-06-30,1996-01-01,2015-02-02
15579.0,110972.0,1959-03-25,2020-12-31,1996-01-02,2030-12-31
15659.0,111390.0,1925-12-31,2001-02-06,1996-01-01,2001-02-06
15667.0,101387.0,1957-03-01,2009-10-15,1996-01-02,2009-10-15
15707.0,208313.0,2015-11-02,2020-12-31,2015-11-02,2030-12-31
15719.0,208407.0,2015-11-10,2015-11-10,2015-11-10,2030-12-31
15720.0,104172.0,1925-12-31,2020-12-31,1996-01-01,2030-12-31
15797.0,208492.0,2015-11-30,2018-04-03,2015-11-30,2018-04-03
15966.0,5628.0,1957-03-01,1999-11-30,1996-01-01,1999-11-30
15980.0,209182.0,2016-04-08,2020-12-31,2016-04-08,2030-12-31
16044.0,209395.0,2016-05-16,2016-05-16,2016-05-16,2030-12-31
16087.0,209612.0,2016-07-05,2020-12-31,2016-07-05,2030-12-31
16267.0,209982.0,2016-09-07,2016-09-07,2016-09-07,2018-12-27
16276.0,210042.0,2016-10-03,2016-10-03,2016-10-03,2030-12-31
16279.0,210060.0,2016-10-03,2016-10-03,2016-10-03,2030-12-31
16342.0,210342.0,2016-10-31,2016-10-31,2016-10-31,2030-12-31
16343.0,210351.0,2016-11-01,2016-11-01,2016-11-01,2030-12-31
16346.0,210384.0,2016-11-01,2016-11-01,2016-11-01,2018-07-26
16347.0,210354.0,2016-11-01,2016-11-01,2016-11-01,2030-12-31
16424.0,105244.0,1960-10-26,2005-09-30,1996-01-02,2005-09-30
16431.0,210408.0,2016-11-10,2016-11-10,2016-11-10,2030-12-31
16431.0,210408.0,2018-12-03,2020-12-31,2016-11-10,2030-12-31
16432.0,105340.0,1925-12-31,2019-02-26,1996-01-02,2030-12-31
16538.0,210772.0,2017-01-17,2020-12-31,2017-01-17,2030-12-31
16544.0,210765.0,2017-02-02,2017-02-02,2017-02-02,2018-03-08
16600.0,105696.0,1957-03-01,2020-12-31,1996-01-02,2030-12-31
16678.0,106744.0,1957-03-01,2020-12-31,1996-01-02,2030-12-31
16692.0,211315.0,2020-03-03,2020-12-31,2017-05-12,2030-12-31
16816.0,211625.0,2017-08-07,2019-04-02,2017-08-07,2030-12-31
16851.0,211899.0,2017-09-01,2020-12-31,2017-09-01,2019-06-02
16870.0,110051.0,1957-03-01,1998-06-29,1996-01-01,1998-06-25
17005.0,102583.0,1957-03-01,2020-12-31,1996-01-01,2030-12-31
17144.0,105174.0,1969-02-13,2020-12-31,1996-01-02,2030-12-31
17279.0,113928.0,2008-06-11,2015-06-11,2008-06-10,2015-06-11
17478.0,107321.0,1957-03-01,2020-12-31,1996-01-02,2030-12-31
17566.0,5058.0,1957-03-01,1998-11-23,1996-01-01,1999-09-30
17726.0,103546.0,1957-03-01,2000-12-08,1996-01-02,2030-12-31
17743.0,102106.0,2019-12-05,2020-12-31,1996-01-01,2030-12-31
17750.0,106689.0,1957-03-01,2020-12-31,1996-01-02,2030-12-31
17806.0,108962.0,1957-03-01,2007-03-19,1996-01-02,2007-03-19
17830.0,111459.0,1957-03-01,2020-12-31,1996-01-02,2030-12-31
17961.0,102339.0,1968-04-04,2001-04-02,1996-01-02,2030-12-31
18016.0,105688.0,1957-03-01,2008-11-13,1996-01-02,2008-11-13
18092.0,102163.0,1990-08-23,2007-07-11,1996-01-02,2007-09-25
18112.0,104967.0,1957-03-01,2000-01-28,1996-01-02,2014-12-03
18147.0,5549.0,1957-03-01,1999-04-09,1996-01-01,1999-04-09
18163.0,109224.0,1957-03-01,2020-12-31,1996-01-02,2030-12-31
18374.0,5459.0,1958-01-02,1999-12-01,1996-01-01,1999-12-01
18382.0,108960.0,1950-07-03,2003-04-15,1996-01-01,2003-04-15
18403.0,108849.0,1957-03-01,2013-11-29,1996-01-02,2030-12-31
18411.0,110337.0,1944-06-07,2020-12-31,1996-01-02,2030-12-31
18542.0,102796.0,1957-03-01,2020-12-31,1996-01-02,2030-12-31
18551.0,5115.0,1991-02-13,1997-01-06,1996-01-01,1997-01-06
18649.0,109040.0,1957-07-03,1996-01-19,1996-01-01,2030-12-31
18681.0,110766.0,1964-02-20,2002-12-11,1996-01-02,2002-12-11
18729.0,103157.0,1957-03-01,2020-12-31,1996-01-02,2030-12-31
18921.0,5782.0,1957-03-01,2000-05-04,1996-01-01,2000-05-03
18948.0,109678.0,1957-03-01,1996-12-06,1996-01-01,1996-12-06
19051.0,5944.0,1979-03-01,1999-07-21,1996-01-01,1999-07-21
19166.0,104550.0,1964-02-20,2001-12-31,1996-01-02,2030-12-31
19166.0,104550.0,2009-08-19,2020-12-31,1996-01-02,2030-12-31
19254.0,5309.0,1957-03-01,1998-09-30,1996-01-01,1998-09-29
19350.0,103736.0,1957-03-01,2020-12-31,1996-01-02,2030-12-31
19377.0,5097.0,1957-03-01,1998-06-30,1996-01-01,1998-06-30
19393.0,102349.0,1957-03-01,2020-12-31,1996-01-01,2030-12-31
19502.0,111861.0,1979-10-11,2020-12-31,1996-01-02,2030-12-31
19553.0,5049.0,1957-03-01,1998-12-31,1996-01-01,1998-12-31
19561.0,102265.0,1957-03-01,2020-12-31,1996-01-02,2030-12-31
19692.0,101669.0,1957-03-01,2000-11-16,1996-01-01,2002-11-04
19721.0,111694.0,1989-08-24,1996-08-15,1996-01-01,2030-12-31
19895.0,107335.0,1957-03-01,2002-01-29,1996-01-02,2002-01-29
19916.0,109998.0,1957-03-01,2000-12-08,1996-01-01,2000-12-08
20053.0,110707.0,1997-11-28,2007-12-31,1996-01-02,2030-12-31
20124.0,105813.0,1957-03-01,2003-03-28,1996-01-02,2003-03-28
20204.0,103498.0,1957-03-01,2004-12-17,1996-01-02,2030-12-31
20220.0,102210.0,1976-01-15,2010-03-12,1996-01-02,2010-03-12
20394.0,5684.0,1973-03-01,1996-09-30,1996-01-01,1997-09-30
20415.0,106905.0,2007-08-27,2019-09-25,1996-01-02,2018-05-23
20482.0,100972.0,1957-03-01,2020-12-31,1996-01-01,2030-12-31
20626.0,103936.0,1954-04-20,2017-08-31,1996-01-02,2017-08-31
20853.0,5212.0,1941-08-20,2000-10-20,1996-01-01,2000-10-20
21004.0,5385.0,1957-03-01,2000-06-30,1996-01-01,2000-06-30
21178.0,107010.0,1984-07-19,2020-12-31,1996-01-02,2030-12-31
21207.0,108130.0,1969-05-15,2020-12-31,1996-01-02,2030-12-31
21371.0,102733.0,1997-05-27,2020-12-31,1996-01-02,2030-12-31
21397.0,5176.0,1970-04-23,2000-06-16,1996-01-01,2000-06-20
21514.0,5854.0,1957-03-01,1999-10-25,1996-01-01,1999-10-25
21573.0,106295.0,1925-12-31,2020-12-31,1996-01-02,2030-12-31
21776.0,104508.0,1944-06-07,2020-12-31,1996-01-01,2030-12-31
21792.0,109557.0,1985-07-25,2020-12-31,1996-01-01,2030-12-31
21821.0,5237.0,1957-03-01,2000-01-28,1996-01-01,2000-01-28
21936.0,108948.0,1957-03-01,2020-12-31,1996-01-02,2030-12-31
21979.0,103401.0,1957-03-01,2009-09-08,1996-01-02,2012-11-30
21979.0,103401.0,2011-11-23,2012-11-30,1996-01-02,2012-11-30
22032.0,103283.0,2004-12-20,2007-09-06,1996-01-02,2007-09-06
22066.0,107952.0,1986-12-04,2001-11-30,1996-01-02,2003-06-12
22082.0,5699.0,1957-03-01,1997-06-18,1996-01-01,1997-06-18
22103.0,104286.0,1965-01-07,2020-12-31,1996-01-02,2030-12-31
22111.0,106566.0,1973-05-31,2020-12-31,1996-01-02,2030-12-31
22293.0,103434.0,1957-03-01,2020-12-31,1996-01-02,2030-12-31
22496.0,104906.0,1999-06-22,2000-11-30,1996-01-01,2000-11-30
22509.0,108645.0,1957-03-01,2020-12-31,1996-01-02,2030-12-31
22517.0,108649.0,1995-11-27,2020-12-31,1997-09-12,2030-12-31
22541.0,105076.0,1995-02-09,2001-11-06,1996-01-01,2001-11-06
22592.0,107616.0,1957-03-01,2020-12-31,1996-01-02,2030-12-31
22613.0,5748.0,1998-11-03,2000-08-18,1996-01-01,2000-08-18
22680.0,107585.0,1954-04-20,2000-06-28,1996-01-01,2008-05-23
22752.0,107430.0,1957-03-01,2020-12-31,1996-01-02,2030-12-31
22753.0,102927.0,1987-02-12,1998-04-07,1996-01-02,2012-06-14
22779.0,107747.0,1957-03-01,2020-12-31,1996-01-02,2030-12-31
22840.0,109923.0,1981-09-10,2012-06-28,1996-01-02,2014-08-28
22891.0,5603.0,1982-06-17,1998-08-13,1996-01-01,1998-08-18
22947.0,103032.0,1994-10-25,2006-03-31,1996-01-02,2006-03-31
23026.0,104878.0,1957-07-10,2020-12-31,1996-01-01,2030-12-31
23077.0,105669.0,1957-03-01,2013-06-06,1996-01-02,2013-06-07
23085.0,109942.0,2009-01-02,2018-12-31,1996-01-01,2018-12-31
23114.0,102561.0,1989-08-24,2012-06-29,1996-01-01,2012-07-02
23229.0,102536.0,1999-05-03,2020-12-31,1996-01-02,2030-12-31
23309.0,105730.0,1970-04-23,2007-10-24,1996-01-02,2007-10-24
23317.0,104355.0,1951-09-06,2001-11-29,1996-01-02,2002-01-11
23318.0,102999.0,2000-11-24,2006-04-19,1996-01-02,2006-04-19
23393.0,103016.0,2015-12-29,2020-12-31,1996-01-02,2030-12-31
23473.0,103029.0,1997-12-18,2020-12-31,1996-01-02,2030-12-31
23501.0,109120.0,2007-11-09,2016-03-29,1996-01-02,2016-03-23
23536.0,112087.0,2008-10-31,2020-12-31,1996-01-02,2030-12-31
23579.0,110979.0,1978-10-05,2020-12-31,1996-01-02,2030-12-31
23660.0,103046.0,2001-03-01,2020-12-31,1996-01-02,2030-12-31
23712.0,109285.0,1948-07-07,2020-12-31,1996-01-02,2030-12-31
23819.0,105512.0,1957-03-01,2020-12-31,1996-01-02,2030-12-31
23851.0,5169.0,1957-03-01,2000-06-15,1996-01-01,2000-06-15
23887.0,103054.0,2001-02-27,2017-03-17,1996-01-02,2030-12-31
23915.0,105223.0,1964-02-20,2005-12-19,1996-01-02,2005-12-22
23931.0,112158.0,1949-07-06,2020-12-31,1996-01-01,2030-12-31
23990.0,109692.0,1982-09-16,2009-04-01,1996-01-02,2009-04-01
24010.0,104361.0,1957-03-01,2020-12-31,1996-01-02,2030-12-31
24046.0,103091.0,1997-09-02,2008-07-30,1996-01-02,2008-07-30
24109.0,101368.0,1951-09-06,2020-12-31,1996-01-02,2030-12-31
24184.0,108156.0,1957-03-01,2002-01-31,1996-01-01,2002-01-31
24205.0,104560.0,1976-07-01,2020-12-31,1996-01-02,2030-12-31
24221.0,103370.0,1957-03-01,2012-03-13,1996-01-01,2012-03-12
24264.0,101201.0,1957-03-01,2002-07-19,1996-01-01,2007-11-14
24272.0,101697.0,1989-08-03,2008-11-13,1996-01-02,2030-12-31
24328.0,104416.0,2008-12-19,2018-11-12,1996-01-02,2030-12-31
24360.0,106677.0,2000-08-21,2007-08-24,1998-06-01,2007-08-24
24459.0,109036.0,1957-03-01,2017-02-28,1996-01-02,2030-12-31
24539.0,109347.0,1957-03-01,2001-08-02,1996-01-02,2001-08-02
24563.0,110777.0,1957-03-01,2007-10-09,1996-01-01,2007-10-10
24643.0,101204.0,1957-03-01,2020-12-31,1996-01-01,2030-12-31
24678.0,6008.0,1957-03-01,2000-06-20,1996-01-01,2000-06-19
24766.0,108231.0,1985-06-13,2020-12-31,1996-01-02,2030-12-31
24803.0,112068.0,1957-03-01,2004-12-02,1996-01-02,2005-02-18
24811.0,108572.0,1957-03-01,2000-09-29,1996-01-01,2002-12-18
24942.0,109497.0,1957-03-01,2020-04-03,1996-01-01,2030-12-31
24985.0,101325.0,1991-09-20,2020-12-31,1996-01-01,2030-12-31
25005.0,105351.0,1957-03-01,1996-09-27,1996-01-01,1996-09-27
25013.0,109954.0,1957-03-01,2009-11-03,1996-01-02,2009-11-03
25056.0,5334.0,1957-03-01,1997-08-05,1996-01-01,1997-08-05
25081.0,103202.0,1995-12-01,2020-12-31,1996-01-02,2030-12-31
25099.0,111838.0,2007-02-22,2015-06-30,1996-01-02,2015-06-29
25232.0,108463.0,1957-03-01,2001-08-29,1996-01-01,2030-12-31
25232.0,108463.0,2010-03-15,2020-12-31,1996-01-01,2030-12-31
25320.0,102660.0,1957-03-01,2020-12-31,1996-01-02,2030-12-31
25371.0,5351.0,1957-03-01,1996-03-12,1996-01-01,1996-03-12
25419.0,112015.0,1959-04-01,2020-12-31,1996-01-02,2030-12-31
25487.0,102833.0,1995-05-01,2006-07-31,1996-01-01,2030-12-31
25582.0,105573.0,1980-06-26,1999-11-05,1996-01-02,2030-12-31
25582.0,105573.0,2008-09-22,2020-12-31,1996-01-02,2030-12-31
25769.0,106665.0,1984-10-04,2006-08-10,1996-01-02,2006-08-10
25778.0,103296.0,1987-07-09,2018-11-05,1996-01-02,2018-11-02
25785.0,104939.0,1957-03-01,2020-12-31,1996-01-01,2030-12-31
25953.0,103932.0,1985-10-24,2020-12-31,1996-01-02,2030-12-31
26075.0,5317.0,1966-09-29,2000-11-01,1996-01-01,2000-11-08
26112.0,103757.0,1968-02-01,2005-08-18,1996-01-02,2005-10-12
26332.0,103325.0,2001-04-02,2004-02-26,1996-01-02,2004-02-26
26382.0,104918.0,1980-01-17,2000-12-21,1996-01-02,2011-06-01
26382.0,104918.0,2008-06-23,2011-06-01,1996-01-02,2011-06-01
26403.0,103879.0,1976-07-01,2020-12-31,1996-01-02,2030-12-31
26438.0,109085.0,1964-01-30,2000-12-11,1996-01-02,2001-10-09
26518.0,102042.0,1986-05-08,2007-10-26,1996-01-02,2007-10-26
26542.0,110950.0,1978-10-05,1996-12-11,1996-01-01,1996-12-11
26550.0,5361.0,1976-07-01,1996-03-29,1996-01-01,1996-03-29
26657.0,105379.0,1958-12-10,2000-08-29,1996-01-02,2010-12-10
26710.0,107015.0,1995-05-10,2020-12-31,1996-01-02,2030-12-31
26729.0,5591.0,1965-10-14,1997-07-31,1996-01-01,1997-07-31
26737.0,5792.0,1997-01-02,1999-09-28,1996-01-01,1999-09-28
26825.0,106638.0,1961-04-26,2020-12-31,1996-01-02,2030-12-31
26884.0,5804.0,1986-05-08,1999-03-24,1996-01-01,1999-03-24
27043.0,111628.0,2007-02-12,2020-12-31,1996-01-01,2030-12-31
27051.0,5048.0,1967-04-13,1999-04-01,1996-01-01,1999-04-01
27115.0,5428.0,1965-06-17,1997-07-01,1996-01-01,1997-07-01
27263.0,5252.0,1990-12-31,1998-04-28,1996-01-01,1998-04-27
27422.0,103098.0,2009-12-21,2014-04-01,1996-01-02,2030-12-31
27430.0,103402.0,1990-05-25,2006-07-17,1996-01-02,2030-12-31
27596.0,5718.0,1968-01-18,1997-11-26,1996-01-01,1997-11-26
27633.0,109752.0,1982-12-30,2017-06-16,1996-01-02,2030-12-31
27713.0,108617.0,1974-10-17,2008-11-21,1996-01-01,2008-11-21
27756.0,109373.0,2006-12-01,2010-06-30,1996-01-02,2016-09-16
27764.0,110576.0,1989-12-18,1997-10-06,1996-01-02,2007-08-17
27828.0,105700.0,1974-10-17,2020-12-31,1996-01-02,2030-12-31
27887.0,102043.0,1972-09-14,2020-12-31,1996-01-02,2030-12-31
27959.0,103979.0,1976-07-01,2020-12-31,1996-01-01,2030-12-31
27983.0,112169.0,1963-09-05,2020-12-31,1996-01-02,2030-12-31
27991.0,109024.0,1999-10-04,2020-12-31,1996-01-02,2030-12-31
28118.0,107886.0,1962-04-25,2000-06-02,1996-01-02,2030-12-31
28222.0,101164.0,1985-04-11,2020-12-31,1996-01-02,2030-12-31
28310.0,111381.0,1961-12-06,2002-07-19,1996-01-01,2030-12-31
28345.0,107812.0,2005-08-15,2017-07-25,1996-01-02,2030-12-31
28353.0,109463.0,1963-12-05,2001-12-12,1996-01-01,2001-12-12
28388.0,111814.0,2005-08-12,2020-12-31,1997-12-17,2030-12-31
28484.0,101322.0,1984-05-17,2020-12-31,1996-01-02,2030-12-31
28804.0,101189.0,2016-05-13,2020-12-31,1996-01-01,2030-12-31
28847.0,111448.0,1986-12-18,2002-05-14,1996-01-01,2002-08-09
29102.0,107885.0,2000-10-18,2015-03-20,1996-01-02,2030-12-31
29196.0,5056.0,1989-01-05,1997-08-06,1996-01-01,1997-08-06
29946.0,102379.0,1982-10-14,2020-12-31,1996-01-02,2030-12-31
30067.0,5273.0,1984-08-16,1998-08-27,1996-01-01,1998-09-04
30330.0,5158.0,1966-10-06,1996-02-09,1996-01-01,1996-02-09
30382.0,103906.0,1998-07-16,2007-07-06,1996-01-01,2007-07-06
30681.0,108429.0,1997-12-24,2020-12-31,1996-01-02,2030-12-31
30940.0,104916.0,2008-10-02,2020-12-31,1996-01-01,2030-12-31
31536.0,5319.0,1973-11-15,1998-07-09,1996-01-01,1998-07-09
32205.0,5413.0,1987-08-06,1998-07-15,1996-01-01,1998-10-30
32379.0,105384.0,1991-11-25,2005-07-01,1996-01-02,2005-07-01
32563.0,105567.0,1989-09-21,1999-06-08,1996-01-01,1999-12-08
32707.0,105675.0,1988-02-11,1999-12-30,1996-01-02,2030-12-31
32707.0,105675.0,2010-03-01,2020-05-21,1996-01-02,2030-12-31
32791.0,111921.0,2005-07-22,2009-02-25,1996-01-01,2019-05-10
32803.0,105744.0,2018-06-18,2020-12-31,1996-01-02,2030-12-31
32870.0,105800.0,2009-03-04,2020-12-31,1996-01-02,2030-12-31
32986.0,101763.0,2019-02-15,2020-12-31,1996-01-02,2030-12-31
33312.0,5520.0,1997-07-17,1998-12-31,1996-01-01,1998-12-31
33785.0,5563.0,1985-09-05,1996-04-22,1996-01-01,1996-04-29
33814.0,5564.0,1969-01-09,1997-10-22,1996-01-01,1997-10-22
34032.0,107255.0,1981-06-18,2020-12-31,1996-01-02,2030-12-31
34040.0,5587.0,1966-05-19,1996-09-05,1996-01-01,1996-09-05
34746.0,104664.0,1996-03-08,2020-12-31,1996-01-02,2030-12-31
34817.0,108279.0,1985-04-18,2020-12-31,1996-01-02,2030-12-31
34833.0,108385.0,1982-12-09,2020-12-31,1996-01-02,2030-12-31
34841.0,108406.0,1987-12-10,1996-08-15,1996-01-01,2002-03-28
35044.0,109543.0,1998-08-28,2020-12-31,1996-01-02,2030-12-31
35051.0,108716.0,1987-12-31,2015-08-28,1996-01-02,2015-08-28
35211.0,5712.0,1983-03-10,1998-12-30,1996-01-01,1999-08-17
35238.0,108888.0,1990-08-14,2000-03-31,1996-01-02,2016-02-03
35554.0,107074.0,2004-02-27,2020-12-31,1996-01-01,2030-12-31
36003.0,109695.0,2018-10-01,2020-12-31,1996-01-02,2030-12-31
36127.0,104866.0,1999-01-04,2001-02-26,1996-01-01,2001-02-26
36397.0,104845.0,2002-05-06,2013-06-21,1996-01-01,2030-12-31
36468.0,110117.0,1964-05-14,2020-12-31,1996-01-02,2030-12-31
36469.0,104847.0,1989-02-09,2008-12-31,1996-01-02,2008-12-31
36978.0,5882.0,1982-10-07,1998-11-17,1996-01-01,1998-11-18
37161.0,110740.0,2001-10-10,2016-06-30,1996-01-02,2016-06-30
37284.0,110962.0,2007-09-27,2018-09-28,1996-01-02,2018-09-28
37584.0,104992.0,1998-04-29,2020-12-31,1996-01-02,2030-12-31
38093.0,105109.0,2016-05-31,2020-12-31,1996-01-02,2030-12-31
38156.0,112042.0,1975-02-06,2020-12-31,1996-01-02,2030-12-31
38578.0,111008.0,1974-10-17,2004-08-02,1996-01-02,2012-05-16
38682.0,103920.0,1984-07-19,2012-12-11,1996-01-02,2030-12-31
38703.0,111953.0,1976-07-01,2020-12-31,1996-01-01,2030-12-31
38762.0,108166.0,2000-11-02,2020-12-31,1996-01-01,2030-12-31
38893.0,103117.0,1985-05-23,2001-01-29,1996-01-02,2001-01-29
38973.0,112022.0,1963-03-25,1998-01-29,1996-01-01,2010-02-26
39087.0,110433.0,1989-07-27,2013-07-08,1996-01-01,2013-07-10
39490.0,101580.0,1997-07-28,2020-12-31,1996-01-02,2030-12-31
39538.0,107280.0,1982-03-11,2019-06-06,1996-01-02,2030-12-31
39642.0,102067.0,1972-09-14,2020-12-31,1996-01-02,2030-12-31
39765.0,105536.0,1973-03-01,1996-03-07,1996-01-02,2008-03-24
39917.0,112011.0,1963-12-05,2020-12-31,1996-01-02,2030-12-31
40061.0,110860.0,1967-02-23,2007-11-15,1996-01-02,2007-11-21
40125.0,103302.0,1981-05-14,2015-11-30,1996-01-02,2030-12-31
40125.0,103302.0,2017-04-04,2020-12-31,1996-01-02,2030-12-31
40272.0,106281.0,1976-03-04,2020-12-31,1996-01-02,2030-12-31
40416.0,101849.0,1967-05-18,2015-03-20,1996-01-02,2030-12-31
40483.0,111051.0,1964-04-23,2001-01-12,1996-01-01,2001-01-11
40484.0,5435.0,1997-10-23,1999-01-12,1996-01-01,1999-01-13
40539.0,110752.0,1985-09-26,2020-12-31,1996-01-02,2030-12-31
40838.0,105550.0,1981-09-10,2001-06-27,1996-01-02,2001-07-12
41080.0,103574.0,1965-01-07,2020-12-31,1996-01-01,2030-12-31
41179.0,5646.0,1990-03-07,1999-07-30,1996-01-01,1999-12-20
41355.0,108768.0,1985-11-07,2020-12-31,1996-01-02,2030-12-31
41443.0,101275.0,1994-12-21,2007-11-16,1996-01-02,2007-11-16
41718.0,5180.0,1976-07-01,1996-03-29,1996-01-01,1996-03-29
41929.0,102555.0,1976-07-01,1996-12-02,1996-01-01,2015-10-29
42024.0,102267.0,1970-04-23,2008-06-20,1996-01-02,2013-11-05
42104.0,5517.0,1989-07-20,2000-05-09,1996-01-01,2000-05-10
42200.0,108910.0,1985-05-09,2020-12-31,1996-01-01,2030-12-31
42534.0,106567.0,1986-05-08,2016-09-02,1996-01-02,2016-09-02
42585.0,115429.0,2008-11-06,2020-12-31,2002-06-03,2030-12-31
42796.0,107438.0,1968-05-23,2011-01-03,1996-01-02,2030-12-31
42833.0,5693.0,1989-03-16,1999-11-29,1996-01-01,1999-11-29
42877.0,105843.0,2015-07-01,2020-12-31,1996-01-02,2030-12-31
42906.0,105846.0,1997-08-06,2020-12-31,1996-01-02,2030-12-31
43123.0,101227.0,1978-10-26,2015-07-01,1996-01-01,2030-12-31
43350.0,110460.0,1982-09-16,2020-12-31,1996-01-02,2030-12-31
43449.0,107318.0,1970-06-25,2020-12-31,1996-01-02,2030-12-31
43553.0,111537.0,1979-05-03,2020-12-31,1996-01-02,2030-12-31
43610.0,106010.0,2001-09-21,2002-07-16,1996-01-02,2002-07-15
43772.0,102088.0,1978-07-20,2014-12-04,1996-01-02,2019-06-10
43772.0,102088.0,2019-06-07,2019-06-10,1996-01-02,2019-06-10
43916.0,5297.0,1975-10-16,1998-06-11,1996-01-01,1998-06-11
44062.0,110432.0,1967-06-29,2000-12-11,1996-01-01,2001-09-05
44206.0,108220.0,2009-03-17,2020-12-31,1996-01-02,2030-12-31
44329.0,110886.0,2019-01-18,2020-12-31,1996-01-02,2030-12-31
44601.0,101828.0,1987-12-24,2020-12-31,1996-01-02,2030-12-31
44644.0,101800.0,1981-02-26,2020-12-31,1996-01-01,2030-12-31
44652.0,5046.0,1979-07-30,1999-06-23,1996-01-01,1999-06-23
44792.0,106247.0,1984-11-08,1997-07-25,1996-01-02,2006-11-29
44951.0,110649.0,1985-01-31,2012-04-30,1996-01-02,2018-10-19
45241.0,104946.0,2000-11-22,2014-06-30,1996-01-01,2014-06-30
45277.0,106293.0,2001-09-04,2014-06-20,1996-01-02,2015-04-06
45356.0,111283.0,1989-07-27,2009-03-16,1996-01-01,2030-12-31
45356.0,111283.0,2010-08-27,2020-12-31,1996-01-01,2030-12-31
45495.0,109715.0,1985-01-10,2014-08-18,1996-01-02,2019-04-10
45671.0,109970.0,1981-02-26,2006-02-24,1996-01-02,2006-02-24
45751.0,107244.0,1987-08-06,2020-12-31,1996-01-02,2030-12-31
45794.0,110248.0,2006-10-02,2010-08-26,1996-01-02,2010-08-27
45911.0,101281.0,2015-03-12,2020-12-31,1996-01-01,2030-12-31
46295.0,104893.0,1974-05-09,2000-01-28,1996-01-02,2009-01-02
46578.0,103106.0,1969-01-16,2020-12-31,1996-01-02,2030-12-31
46594.0,5986.0,1982-11-11,1997-06-17,1996-01-01,1997-06-17
46674.0,105206.0,1973-11-15,2020-12-31,1996-01-02,2030-12-31
46703.0,105805.0,2007-03-20,2020-12-31,1996-01-01,2030-12-31
46850.0,101135.0,1976-07-01,2000-12-13,1996-01-01,2000-12-13
46877.0,102015.0,1975-06-12,2018-01-02,1996-01-02,2017-12-28
46886.0,106595.0,1997-09-15,2020-12-31,1996-01-01,2030-12-31
46922.0,109652.0,1975-12-11,2000-07-26,1996-01-02,2019-04-21
47079.0,5197.0,1976-07-01,1998-10-07,1996-01-01,1998-10-07
47159.0,104891.0,1988-11-10,2004-03-31,1996-01-01,2004-03-31
47175.0,103037.0,1989-05-11,2008-03-28,1996-01-01,2008-11-07
47271.0,104894.0,1987-12-10,1997-12-23,1996-01-02,2003-04-01
47466.0,108117.0,1984-11-23,2010-12-17,1996-01-01,2030-12-31
47490.0,109749.0,1984-11-23,2000-12-11,1996-01-02,2006-08-01
47896.0,102936.0,1976-07-01,2020-12-31,1996-01-01,2030-12-31
47941.0,105119.0,1975-12-11,2017-06-01,1996-01-02,2030-12-31
47992.0,102119.0,1986-06-05,1997-12-03,1996-01-01,1997-12-03
48071.0,107693.0,1976-07-01,2000-12-29,1996-01-01,2000-12-29
48267.0,106776.0,1995-12-13,2014-05-07,1996-01-02,2014-05-06
48274.0,108160.0,1989-08-03,2011-12-12,1996-01-02,2011-12-09
48354.0,5087.0,1976-07-01,1999-06-03,1996-01-01,1999-06-03
48397.0,101382.0,1976-07-01,2001-08-29,1996-01-02,2001-08-28
48485.0,106553.0,1976-07-01,2006-03-31,1996-01-02,2006-03-31
48486.0,106808.0,2012-06-05,2020-12-31,1996-01-02,2030-12-31
48514.0,105976.0,1988-02-11,2000-06-28,1996-01-01,2008-10-31
48653.0,105833.0,1995-12-01,2020-12-31,1996-01-02,2030-12-31
48725.0,111394.0,1969-07-16,2020-12-31,1996-01-02,2030-12-31
48960.0,106713.0,1975-12-11,2006-06-27,1996-01-02,2006-06-27
49015.0,106975.0,1976-07-01,2020-12-31,1996-01-02,2030-12-31
49154.0,110810.0,1976-12-09,2020-12-31,1996-01-01,2030-12-31
49373.0,102244.0,1986-11-28,2020-09-18,1996-01-02,2030-12-31
49429.0,103861.0,1986-10-02,2008-10-21,1996-01-01,2030-12-31
49680.0,103676.0,1998-11-18,2020-12-31,1996-01-02,2030-12-31
49744.0,109118.0,1970-04-23,2001-07-06,1996-01-02,2030-12-31
49905.0,107006.0,1984-10-25,2008-12-01,1996-01-02,2017-07-11
50017.0,109476.0,2007-12-21,2018-06-15,1996-01-01,2030-12-31
50024.0,6021.0,1987-04-23,1998-11-02,1996-01-01,1998-11-02
50032.0,101199.0,1984-11-23,2006-06-01,1996-01-02,2006-06-01
50200.0,111850.0,1993-10-01,2001-08-31,1996-01-02,2001-08-31
50227.0,102408.0,1970-03-05,2010-02-12,1996-01-02,2010-02-12
50404.0,5569.0,1982-06-24,1998-09-14,1996-01-01,1998-09-14
50876.0,106967.0,1970-11-19,2020-12-31,1996-01-02,2030-12-31
50905.0,105557.0,1989-10-26,1998-03-31,1996-01-02,2007-05-01
50906.0,100871.0,1999-08-02,2007-06-29,1996-01-02,2010-12-09
50956.0,5959.0,1976-07-01,1998-04-24,1996-01-01,1998-04-24
51043.0,104628.0,1988-08-11,2008-09-10,1996-01-02,2010-07-07
51263.0,107200.0,2007-11-16,2009-08-31,1996-01-02,2030-12-31
51369.0,110952.0,1999-11-15,2013-12-20,1996-01-02,2030-12-31
51369.0,110952.0,2020-09-21,2020-12-31,1996-01-02,2030-12-31
51377.0,107951.0,1976-12-09,2011-09-23,1996-01-02,2011-09-23
51588.0,110594.0,1998-01-28,2001-02-28,1996-01-01,2001-02-28
51625.0,110086.0,1986-12-18,2000-03-15,1996-01-02,2030-12-31
51706.0,107247.0,2002-02-11,2011-07-05,1996-01-01,2011-07-05
51772.0,5083.0,1976-07-01,1999-09-30,1996-01-01,1999-09-30
52038.0,110716.0,1986-12-18,2020-12-31,1996-01-02,2030-12-31
52090.0,107315.0,2003-03-21,2020-12-31,1996-01-01,2030-12-31
52230.0,109667.0,2000-12-05,2020-12-31,1996-01-02,2030-12-31
52329.0,106529.0,2007-10-26,2020-12-31,1996-01-02,2030-12-31
52337.0,110945.0,1979-02-08,2016-04-15,1996-01-02,2030-12-31
52476.0,104411.0,1997-06-19,2020-12-31,1996-01-02,2030-12-31
52695.0,105356.0,1981-05-14,2020-12-31,1996-01-02,2030-12-31
52708.0,106899.0,2005-10-04,2020-12-31,1996-01-02,2030-12-31
52821.0,5602.0,1998-02-23,1999-09-17,1996-01-01,1999-09-17
52919.0,107455.0,1982-04-08,2008-12-31,1996-01-02,2008-12-31
52978.0,105588.0,1984-09-13,2020-12-31,1996-01-02,2030-12-31
53065.0,106329.0,1992-10-30,2020-12-31,1996-01-02,2030-12-31
53081.0,9265.0,1976-07-01,1997-06-10,1996-01-01,1997-06-10
53225.0,111885.0,2007-12-31,2013-11-26,1996-01-02,2030-12-31
53225.0,111885.0,2013-11-29,2014-09-19,1996-01-02,2030-12-31
53401.0,5218.0,1987-06-25,1996-10-15,1996-01-01,1997-08-26
53479.0,105327.0,1988-06-09,2006-09-29,1996-01-02,2006-09-29
53612.0,107036.0,1985-11-21,2001-06-29,1996-01-02,2008-10-30
53613.0,107544.0,1994-09-27,2020-12-31,1996-01-02,2030-12-31
53786.0,5133.0,1975-08-14,1999-07-30,1996-01-01,1999-07-30
53831.0,102845.0,1977-03-31,2009-08-18,1996-01-02,2009-08-18
53866.0,104593.0,2001-08-06,2015-07-08,1996-01-02,2015-07-06
53938.0,5776.0,1995-07-05,1999-12-31,1996-01-01,1999-12-31
54148.0,109297.0,1984-04-12,2020-12-31,1996-01-02,2030-12-31
54181.0,107605.0,1988-07-14,2010-07-14,1996-01-02,2010-07-14
54463.0,5695.0,1999-06-04,2000-11-03,1996-01-01,2000-11-03
54690.0,110488.0,2000-11-17,2006-04-07,1996-01-01,2006-04-07
54827.0,107657.0,1999-12-01,2013-12-09,1996-01-02,2013-12-06
55976.0,111860.0,1982-08-19,2020-12-31,1996-01-02,2030-12-31
56223.0,107044.0,1974-10-17,2006-11-09,1996-01-02,2030-12-31
56232.0,107916.0,1994-09-27,2008-12-31,1996-01-02,2008-12-31
56266.0,5015.0,1973-05-31,1998-09-30,1996-01-01,1998-10-01
56274.0,103313.0,1983-09-01,2020-12-31,1996-01-01,2030-12-31
56450.0,5644.0,1987-04-23,1998-10-01,1996-01-01,1998-10-01
56573.0,105985.0,1986-02-13,2020-12-31,1996-01-02,2030-12-31
57381.0,6012.0,1981-08-13,1998-07-16,1996-01-01,1998-07-16
57568.0,101930.0,1984-10-04,2020-12-31,1996-01-02,2030-12-31
57592.0,5278.0,1981-06-25,1999-10-12,1996-01-01,1999-10-12
57665.0,108161.0,1988-11-03,2020-12-31,1996-01-01,2030-12-31
57817.0,108185.0,1986-08-07,2020-06-19,1996-01-01,2030-12-31
57904.0,100892.0,1999-05-28,2020-12-31,1996-01-02,2030-12-31
58094.0,108213.0,2002-07-17,2006-11-30,1996-01-02,2006-11-30
58246.0,108226.0,1998-01-30,2020-12-31,1996-01-02,2030-12-31
58318.0,110955.0,2006-12-20,2008-11-05,1996-01-02,2030-12-31
58413.0,104629.0,2016-02-01,2020-12-31,2000-11-28,2030-12-31
58480.0,5079.0,1985-10-10,1996-12-18,1996-01-01,1996-12-18
58640.0,108196.0,1980-11-20,2002-07-19,1996-01-01,2009-01-13
58683.0,110357.0,1994-07-13,2020-12-31,1996-01-02,2030-12-31
58819.0,101250.0,2016-07-01,2020-12-31,1996-01-01,2030-12-31
58827.0,5086.0,1976-07-01,1998-09-30,1996-01-01,1998-09-30
58990.0,103937.0,1978-05-04,2007-12-13,1996-01-02,2007-12-13
59010.0,105120.0,1986-08-21,2020-12-31,1996-01-02,2030-12-31
59176.0,101375.0,1976-07-01,2020-12-31,1996-01-01,2030-12-31
59184.0,101558.0,1976-07-01,2008-11-18,1996-01-02,2008-11-17
59192.0,103015.0,1976-07-01,2016-01-15,1996-01-02,2016-01-14
59248.0,103404.0,1976-07-01,2020-12-31,1996-01-01,2030-12-31
59300.0,111416.0,2016-03-07,2020-12-31,1998-06-08,2030-12-31
59328.0,106203.0,1976-12-09,2020-12-31,1996-01-02,2030-12-31
59345.0,108419.0,1999-12-02,2001-03-30,1996-01-01,2001-04-02
59379.0,107407.0,1976-07-01,2007-06-29,1996-01-01,2007-06-29
59408.0,101966.0,1976-07-01,2020-12-31,1996-01-01,2030-12-31
59432.0,5788.0,1976-07-01,1998-01-27,1996-01-01,1998-01-27
59440.0,109848.0,1976-07-01,2008-09-22,1996-01-02,2008-09-22
59459.0,109869.0,1976-07-01,2020-12-31,1996-01-02,2030-12-31
59483.0,112185.0,1976-07-01,1996-10-31,1996-01-02,2030-12-31
59926.0,5579.0,1986-06-12,1998-09-25,1996-01-01,1998-09-25
60046.0,5029.0,1986-10-23,1997-09-12,1996-01-01,1997-09-18
60097.0,107398.0,1986-10-23,2020-12-31,1996-01-02,2030-12-31
60206.0,110262.0,1982-09-16,2020-12-31,1996-01-02,2030-12-31
60441.0,5418.0,1997-08-07,2000-05-31,1996-01-01,2000-05-31
60442.0,108642.0,1988-04-14,2020-12-31,1996-01-01,2030-12-31
60506.0,108670.0,1980-10-02,2020-12-31,1996-01-02,2030-12-31
60599.0,102885.0,1999-03-25,2020-12-31,1996-01-01,2030-12-31
60628.0,104635.0,1980-11-06,2020-12-31,1996-01-01,2030-12-31
60871.0,101535.0,1999-10-12,2020-12-31,1996-01-02,2030-12-31
60943.0,106891.0,1999-10-18,2020-12-31,1996-01-02,2030-12-31
60986.0,108120.0,1989-04-27,2020-12-31,1996-01-01,2030-12-31
61065.0,111119.0,1983-09-08,2005-07-21,1996-01-02,2005-07-21
61241.0,101121.0,1984-06-21,2013-09-20,1996-01-02,2030-12-31
61241.0,101121.0,2017-03-20,2020-12-31,1996-01-02,2030-12-31
61284.0,5089.0,1984-10-04,1998-01-09,1996-01-01,1998-01-09
61399.0,107045.0,1984-03-01,2020-12-31,1996-01-02,2030-12-31
61516.0,102148.0,2020-06-22,2020-12-31,1996-01-02,2030-12-31
61583.0,5510.0,1986-05-08,2000-11-22,1996-01-01,2000-11-27
61621.0,108804.0,1998-10-01,2020-12-31,1996-01-02,2030-12-31
61663.0,111093.0,1999-09-20,2001-09-20,1996-01-02,2001-09-10
61735.0,101578.0,1996-04-23,2020-12-31,1996-01-02,2030-12-31
61743.0,103772.0,1986-04-24,2004-12-17,1996-01-02,2030-12-31
61815.0,108173.0,2007-10-08,2020-10-09,1996-01-02,2030-12-31
62092.0,110991.0,1997-01-02,2020-12-31,1996-01-02,2030-12-31
62148.0,102571.0,1980-11-06,2020-12-31,1996-01-02,2030-12-31
62164.0,5258.0,1985-05-09,1996-03-27,1996-01-01,1996-06-28
62252.0,5402.0,1988-04-14,1998-12-21,1996-01-01,1998-12-22
62308.0,111086.0,1989-04-27,2020-12-31,1996-01-02,2030-12-31
62324.0,107691.0,1987-08-20,1999-05-27,1996-01-02,2004-02-27
62498.0,111969.0,2020-05-22,2020-12-31,1996-01-01,2030-12-31
62519.0,104056.0,2007-01-04,2009-12-22,1996-01-02,2009-12-22
62770.0,101523.0,1999-03-10,2006-11-03,1996-01-02,2006-11-03
62834.0,104338.0,1983-07-07,2006-06-05,1996-01-02,2006-06-09
63060.0,111957.0,1982-03-04,2008-09-29,1996-01-02,2008-09-29
63096.0,5724.0,1993-10-14,1999-10-01,1996-01-01,1999-10-01
63765.0,110366.0,2008-06-06,2017-04-03,1996-01-02,2030-12-31
63830.0,109148.0,2007-06-01,2016-01-29,1996-01-02,2016-01-29
63845.0,5022.0,1988-10-06,1997-01-14,1996-01-01,1997-02-21
64020.0,107048.0,1985-05-16,1996-12-31,1996-01-01,2030-12-31
64186.0,102525.0,1982-04-08,2020-12-31,1996-01-02,2018-12-20
64282.0,106969.0,1983-09-15,2020-12-31,1996-01-02,2030-12-31
64311.0,108186.0,1982-06-03,2020-12-31,1996-01-02,2030-12-31
64346.0,5764.0,1988-06-16,1999-08-12,1996-01-01,1999-08-12
64390.0,109245.0,1997-08-04,2020-12-31,1996-01-02,2030-12-31
64451.0,101641.0,2004-12-20,2007-10-05,1996-01-01,2007-10-05
64531.0,5746.0,1998-08-31,1999-06-30,1996-01-10,1999-06-30
64565.0,103477.0,1997-06-18,2008-06-30,1996-01-02,2008-06-30
64629.0,107317.0,1983-01-03,2003-08-19,1996-01-02,2018-05-09
64653.0,109286.0,2005-08-19,2020-12-31,1996-01-02,2030-12-31
64856.0,101305.0,1990-12-12,2001-06-22,1996-01-02,2001-06-22
64936.0,103912.0,1983-05-20,2020-12-31,1996-01-01,2030-12-31
64995.0,106674.0,1994-03-02,2020-12-31,1996-01-02,2030-12-31
65066.0,5811.0,1987-10-08,1998-03-31,1996-01-01,1998-05-20
65138.0,101988.0,1988-04-28,2004-06-30,1996-01-01,2004-06-30
65330.0,106892.0,2006-04-24,2016-12-01,1996-01-02,2030-12-31
65402.0,110244.0,2017-07-26,2020-12-31,1996-01-02,2030-12-31
65541.0,103400.0,2016-09-23,2020-12-31,1996-01-02,2030-12-31
65568.0,104144.0,1990-03-05,1998-01-16,1996-01-02,2003-01-31
65787.0,111208.0,1986-01-30,2007-12-20,1996-01-02,2007-12-20
65859.0,5036.0,1983-12-01,1999-10-08,1996-01-01,1999-10-08
65875.0,111668.0,1983-12-01,2020-12-31,1996-01-01,2030-12-31
65883.0,102082.0,1983-12-01,2007-01-03,1996-01-02,2006-12-29
65947.0,105633.0,2009-01-30,2020-12-31,1996-01-02,2030-12-31
66018.0,5670.0,1983-12-01,1997-08-14,1996-01-01,1997-08-14
66026.0,5692.0,1983-12-01,1997-03-31,1996-01-01,1997-03-31
66093.0,109775.0,1983-12-01,2020-12-31,1996-01-02,2030-12-31
66114.0,110926.0,1986-12-18,2007-12-28,1996-01-02,2012-02-10
66122.0,9554.0,1983-12-01,2000-07-05,1996-01-01,2000-06-30
66181.0,105759.0,1988-03-03,2020-12-31,1996-01-02,2030-12-31
66325.0,111359.0,1998-07-01,2014-04-30,1996-01-01,2030-12-31
66384.0,111987.0,2009-07-01,2020-12-31,1996-01-02,2030-12-31
66800.0,101397.0,1980-02-14,2020-12-31,1996-01-01,2030-12-31
67467.0,103363.0,1998-01-20,2013-02-13,1996-01-01,2030-12-31
67571.0,5429.0,1996-03-13,1998-06-30,1996-01-01,1998-06-30
67598.0,105613.0,2008-03-31,2020-12-31,1996-01-02,2030-12-31
68049.0,109751.0,1989-09-14,1996-12-31,1996-01-02,2006-11-01
68144.0,110634.0,1988-05-05,2019-12-06,1996-01-02,2030-12-31
68304.0,102061.0,1998-07-01,2008-05-30,1996-01-02,2008-05-30
68347.0,103282.0,1988-02-25,2002-05-03,1996-01-02,2002-05-03
68591.0,109866.0,1989-12-01,2017-01-04,1996-01-01,2017-01-04
68857.0,102587.0,2010-12-20,2016-06-23,1996-01-01,2016-06-21
69032.0,107704.0,1995-09-22,2020-12-31,1996-01-01,2030-12-31
69550.0,107823.0,2004-04-23,2020-11-16,1996-01-02,2030-12-31
69607.0,5828.0,1996-08-16,2000-11-21,1996-01-01,2000-11-21
69649.0,109491.0,2017-03-20,2020-12-31,1996-01-02,2030-12-31
69796.0,103368.0,2005-07-05,2020-12-31,1996-01-01,2030-12-31
70033.0,105558.0,2000-01-31,2020-06-19,1996-01-02,2030-12-31
70092.0,106629.0,1989-03-08,2009-12-18,1996-01-01,2030-12-31
70229.0,5837.0,1984-10-25,2000-06-07,1996-01-01,2000-07-05
70308.0,101167.0,2009-09-09,2016-05-20,1996-01-02,2016-05-20
70332.0,101533.0,1997-07-28,2019-08-08,1996-01-01,2030-12-31
70376.0,110126.0,1985-01-31,1996-12-31,1996-01-01,2000-07-11
70500.0,103126.0,1998-10-08,2016-05-27,1996-01-02,2016-05-27
70519.0,103049.0,1988-05-26,2020-12-31,1996-01-01,2030-12-31
70536.0,110152.0,1994-09-21,2015-11-18,1996-01-02,2015-11-17
70578.0,104153.0,1989-01-12,2020-12-31,1996-01-02,2030-12-31
71001.0,6250.0,1989-04-06,1996-05-30,1996-01-01,1999-11-23
71175.0,111504.0,1994-03-11,2020-12-31,1996-01-01,2030-12-31
71298.0,102021.0,1993-11-15,2002-07-19,1996-01-02,2030-12-31
71563.0,101863.0,1997-12-04,2020-12-31,1996-01-01,2030-12-31
71686.0,110356.0,1999-03-01,2004-10-29,1996-01-02,2004-10-29
71765.0,5240.0,1987-07-09,1997-05-23,1996-01-01,1997-06-02
71984.0,112286.0,1995-05-30,1999-09-30,1996-01-01,2000-04-20
72726.0,110490.0,1997-08-15,2020-12-31,1996-01-01,2030-12-31
73139.0,110578.0,2000-12-12,2020-12-31,1996-01-01,2030-12-31
73940.0,110685.0,2000-12-11,2007-01-09,1996-01-02,2007-01-09
74617.0,5909.0,1984-03-01,1997-08-29,1996-01-01,1997-08-29
75030.0,5915.0,1985-08-01,1999-03-09,1996-01-01,1999-03-09
75034.0,101920.0,1987-04-09,2020-12-31,1996-01-02,2030-12-31
75100.0,111045.0,2000-06-21,2020-12-31,1996-01-02,2030-12-31
75107.0,100978.0,2018-05-31,2020-12-31,1996-01-02,2030-12-31
75154.0,102752.0,1998-12-22,2020-12-31,1996-01-02,2030-12-31
75175.0,107078.0,1996-12-03,2009-12-18,1996-01-02,2030-12-31
75181.0,109047.0,1987-08-20,2002-07-19,1996-01-02,2006-03-08
75186.0,109965.0,1997-06-02,2020-12-31,1996-01-02,2030-12-31
75224.0,105562.0,2006-02-01,2017-03-15,1996-01-02,2017-03-10
75241.0,109029.0,2008-09-24,2020-12-31,1996-01-01,2030-12-31
75257.0,110914.0,1995-07-03,2011-12-20,1996-01-02,2013-12-03
75333.0,102409.0,1993-11-23,2006-03-31,1996-01-02,2006-03-31
75341.0,103980.0,2017-07-26,2020-12-31,1996-01-01,2030-12-31
75423.0,6572.0,1988-10-27,1999-02-26,1996-01-01,1999-02-26
75489.0,110464.0,1998-10-07,2017-09-15,1996-01-02,2017-09-12
75510.0,101062.0,1997-05-06,2020-12-31,1996-01-02,2030-12-31
75573.0,108401.0,1999-06-24,2010-12-17,1996-01-02,2030-12-31
75577.0,101293.0,2000-04-18,2015-12-28,1996-01-02,2015-12-24
75591.0,105969.0,2019-08-09,2020-12-31,1996-01-02,2030-12-31
75592.0,109073.0,2002-01-17,2016-02-19,1996-01-01,2016-02-19
75607.0,110684.0,2003-03-31,2020-12-31,1996-01-02,2030-12-31
75625.0,102588.0,1995-05-22,2001-08-03,1996-01-02,2006-03-01
75646.0,101233.0,1992-02-10,2015-03-20,1996-01-02,2015-03-16
75647.0,6677.0,1989-06-29,1999-06-21,1996-01-01,1999-06-21
75789.0,104626.0,1992-01-02,2008-09-10,1996-01-02,2010-07-07
75819.0,111647.0,2009-03-04,2020-12-31,1998-05-01,2030-12-31
75825.0,104059.0,2000-11-02,2020-12-31,1996-01-01,2030-12-31
75828.0,104229.0,2002-07-22,2020-12-31,1996-01-02,2030-12-31
75857.0,110282.0,1998-12-31,2007-10-01,1996-01-02,2007-10-01
75912.0,108756.0,1997-04-01,2006-12-29,1996-01-02,2030-12-31
76070.0,6740.0,1992-07-06,1997-07-16,1996-01-01,1997-09-30
76076.0,103042.0,1993-12-31,2020-12-31,1996-01-02,2030-12-31
76082.0,102595.0,2008-06-23,2020-12-31,1996-01-01,2030-12-31
76090.0,105569.0,1990-02-08,2008-01-28,1996-01-02,2008-01-25
76095.0,105751.0,2016-03-30,2020-12-31,1996-01-02,2030-12-31
76122.0,5817.0,1990-12-05,1997-07-25,1996-01-01,2000-08-29
76129.0,111020.0,1996-01-02,2000-07-27,1996-01-02,2010-04-09
76149.0,109854.0,1998-11-13,2015-01-26,1996-01-02,2015-01-29
76171.0,105474.0,1993-09-01,2006-11-17,1996-01-01,2006-11-17
76185.0,111284.0,2020-06-22,2020-12-31,1999-05-20,2030-12-31
76201.0,112161.0,1999-11-08,2020-12-31,1996-01-02,2030-12-31
76240.0,101886.0,2002-05-15,2010-04-29,1996-01-02,2010-04-28
76282.0,101802.0,2003-02-24,2017-08-07,1996-01-01,2030-12-31
76512.0,106802.0,1995-04-03,1999-12-07,1996-01-01,2000-12-21
76557.0,107079.0,1992-04-23,2005-12-30,1996-01-02,2005-12-30
76563.0,6214.0,1998-07-10,1999-05-27,1996-01-01,1999-05-27
76565.0,105617.0,2001-11-07,2007-03-01,1996-01-02,2014-01-24
76597.0,107884.0,1998-09-15,2000-12-11,1996-01-01,2000-12-11
76605.0,101806.0,1997-01-02,2020-12-31,1996-01-02,2030-12-31
76614.0,109538.0,2013-05-01,2020-12-31,1996-01-02,2030-12-31
76619.0,103485.0,2005-08-30,2013-05-08,1996-01-01,2013-05-06
76624.0,108639.0,2001-08-03,2007-06-29,1996-01-01,2016-01-14
76625.0,102886.0,2008-11-17,2011-10-14,1996-01-02,2011-10-13
76638.0,106569.0,2001-12-17,2009-03-03,1996-01-02,2014-04-08
76639.0,111107.0,2008-01-02,2019-09-20,1996-01-02,2030-12-31
76644.0,111337.0,1991-05-07,2014-07-01,1996-01-02,2030-12-31
76656.0,107379.0,2000-06-16,2007-05-31,1996-01-02,2007-06-18
76708.0,103803.0,2009-06-09,2012-09-28,1996-01-02,2030-12-31
76709.0,105971.0,2017-01-05,2020-12-31,1996-01-02,2030-12-31
76712.0,100900.0,1998-10-02,2020-12-31,1996-01-01,2030-12-31
76744.0,111683.0,2013-09-23,2020-12-31,1996-01-02,2030-12-31
76754.0,7333.0,1996-02-12,1998-08-28,1996-01-01,1998-08-28
76757.0,101311.0,2000-12-11,2008-06-10,1996-01-01,2010-11-08
76795.0,112219.0,2019-12-23,2020-12-31,1996-01-02,2030-12-31
76804.0,107107.0,1996-07-19,2008-10-30,1996-01-02,2030-12-31
76841.0,105894.0,2003-11-13,2020-12-31,1996-01-02,2030-12-31
76887.0,101263.0,1999-08-02,2008-12-04,1996-01-01,2008-12-05
77037.0,108418.0,2019-12-09,2020-12-31,1996-01-02,2030-12-31
77063.0,107203.0,1998-09-28,2007-11-08,1996-01-01,2007-12-21
77129.0,106690.0,2006-04-03,2020-12-31,1996-01-02,2030-12-31
77150.0,104879.0,2004-08-03,2006-11-09,1996-01-01,2006-11-09
77157.0,108573.0,1997-08-01,2000-12-08,1996-01-02,2030-12-31
77157.0,108573.0,2009-01-02,2016-12-01,1996-01-02,2030-12-31
77173.0,111786.0,2000-12-12,2002-08-20,1996-01-02,2010-07-01
77178.0,109348.0,1999-07-22,2020-12-31,1996-01-02,2030-12-31
77182.0,108916.0,2011-12-19,2020-12-31,1996-01-02,2030-12-31
77274.0,105243.0,2004-07-01,2020-12-31,1996-01-02,2030-12-31
77281.0,112026.0,2006-01-03,2017-08-28,1996-01-02,2017-08-25
77284.0,108146.0,1998-04-01,2005-08-12,1996-01-01,2005-08-12
77338.0,109699.0,2009-12-23,2020-12-31,1996-01-01,2030-12-31
77357.0,110700.0,2017-03-16,2020-12-31,1996-01-02,2030-12-31
77418.0,101328.0,1999-01-04,2018-06-19,1996-01-01,2018-06-14
77462.0,104633.0,1995-12-01,2020-04-03,1996-01-02,2030-12-31
77481.0,104206.0,1999-10-26,2012-05-24,1996-01-01,2012-05-24
77496.0,107652.0,2013-12-23,2020-12-31,1996-01-01,2030-12-31
77546.0,104753.0,1994-09-27,2007-09-24,1996-01-02,2007-09-24
77605.0,102296.0,1995-02-24,2020-12-31,1996-01-01,2030-12-31
77606.0,106723.0,1998-08-14,2020-09-18,1996-01-02,2030-12-31
77644.0,5399.0,1996-04-01,2000-01-05,1996-01-01,2000-01-05
77659.0,102068.0,1999-10-01,2017-07-25,1996-01-02,2030-12-31
77661.0,103651.0,2005-07-05,2020-12-31,1996-01-02,2030-12-31
77668.0,104522.0,2003-09-26,2018-12-21,1996-01-02,2018-12-20
77702.0,110472.0,2000-06-08,2020-12-31,1996-01-02,2030-12-31
77730.0,111285.0,2005-08-11,2020-12-31,1996-01-01,2030-12-31
77768.0,109143.0,1992-07-06,2018-10-30,1996-01-02,2018-10-30
77976.0,108006.0,2008-12-23,2011-02-28,1996-01-01,2011-02-28
78034.0,108793.0,2005-10-11,2018-03-16,1996-01-02,2030-12-31
78083.0,108887.0,1998-10-02,2004-12-28,1996-01-02,2005-01-07
78139.0,103307.0,1999-01-04,2011-12-30,1996-01-02,2014-12-15
78263.0,111395.0,1998-10-01,2004-06-30,1996-01-02,2004-06-30
78788.0,7631.0,1996-08-16,1997-12-17,1996-01-01,1997-12-17
78840.0,111310.0,2006-12-01,2008-08-20,1996-01-01,2030-12-31
78877.0,102963.0,2006-03-03,2018-03-16,1996-01-02,2030-12-31
78916.0,111907.0,1999-04-12,2020-05-11,1996-01-01,2030-12-31
78927.0,103800.0,2007-03-23,2009-03-27,1996-01-02,2018-05-20
78946.0,7737.0,1993-07-13,1997-05-30,1996-01-01,1997-05-30
78968.0,5969.0,1990-10-08,1997-08-01,1996-01-01,1997-08-01
78975.0,106367.0,2000-12-11,2020-12-31,1996-01-02,2030-12-31
78987.0,107532.0,2007-09-07,2020-12-31,1996-01-02,2030-12-31
79057.0,112254.0,2002-01-30,2008-07-17,1996-01-01,2030-12-31
79057.0,112254.0,2010-07-15,2020-12-31,1996-01-01,2030-12-31
79089.0,104964.0,2012-04-04,2016-01-04,1996-01-02,2030-12-31
79094.0,106521.0,2001-01-30,2014-11-04,1996-01-01,2030-12-31
79103.0,108529.0,2009-03-27,2020-12-31,1996-01-01,2030-12-31
79108.0,109906.0,2000-06-21,2007-06-29,1996-01-02,2030-12-31
79119.0,5970.0,1994-04-18,1996-07-18,1996-01-01,1996-07-19
79129.0,105171.0,2007-07-02,2008-11-12,1996-01-02,2018-08-27
79129.0,105171.0,2013-12-10,2018-08-27,1996-01-02,2018-08-27
79145.0,112463.0,2014-12-05,2020-12-31,1996-01-02,2030-12-31
79212.0,103533.0,2004-12-29,2010-06-25,1996-01-02,2010-06-25
79237.0,112333.0,1999-12-31,2008-12-18,1996-01-01,2030-12-31
79237.0,112333.0,2013-10-29,2017-07-25,1996-01-01,2030-12-31
79250.0,5973.0,1992-07-06,1998-10-01,1996-01-01,1998-10-01
79265.0,104548.0,2009-01-02,2020-12-31,1996-01-01,2030-12-31
79323.0,101273.0,1995-07-13,2020-12-31,1996-01-01,2030-12-31
79411.0,108942.0,2012-10-05,2015-03-11,1996-01-02,2015-03-11
79545.0,102282.0,2011-12-19,2020-12-31,1996-01-01,2030-12-31
79547.0,104425.0,2001-12-03,2020-12-31,1997-03-12,2030-12-31
79588.0,105399.0,2014-03-24,2016-03-04,1996-01-02,2016-03-02
79637.0,111493.0,2014-09-22,2020-12-31,1996-01-02,2030-12-31
79678.0,101029.0,2015-08-31,2020-12-31,1996-01-02,2030-12-31
79698.0,105130.0,2017-04-05,2020-12-31,1996-01-01,2030-12-31
79718.0,107434.0,2000-06-29,2006-01-03,1996-01-02,2006-01-03
79782.0,109542.0,2017-03-02,2020-12-31,1996-01-01,2030-12-31
79785.0,107875.0,2019-09-26,2020-12-31,1996-01-01,2030-12-31
79879.0,106505.0,2000-07-27,2013-12-20,1996-01-01,2015-08-03
79881.0,111512.0,2010-02-08,2017-03-17,1996-01-02,2030-12-31
79906.0,106049.0,2017-02-28,2020-12-31,1996-01-01,2030-12-31
79915.0,108121.0,2010-12-20,2019-02-14,1996-01-02,2019-02-13
79973.0,105138.0,1998-04-27,2006-07-31,1996-01-01,2007-10-16
80055.0,111663.0,2000-04-03,2005-07-01,1996-01-02,2005-07-01
80080.0,104117.0,1994-01-04,2020-12-31,1996-01-02,2030-12-31
80094.0,8042.0,1994-04-06,1999-06-29,1996-01-01,1999-06-29
80100.0,110188.0,2002-06-26,2020-12-31,1996-01-01,2030-12-31
80183.0,107555.0,2016-12-02,2020-12-31,1996-01-02,2030-12-31
80191.0,101194.0,2016-07-01,2020-12-31,1996-01-02,2030-12-31
80204.0,107253.0,2014-07-02,2020-12-31,1996-01-02,2030-12-31
80266.0,109331.0,2000-12-12,2011-01-14,1996-01-02,2016-08-16
80286.0,111122.0,2014-01-24,2020-12-31,1996-01-02,2030-12-31
80303.0,100903.0,2008-07-01,2011-12-16,1996-01-02,2030-12-31
80320.0,103406.0,2018-07-02,2020-12-31,1996-01-02,2030-12-31
80381.0,101812.0,2007-01-10,2020-12-31,1996-01-01,2030-12-31
80399.0,107141.0,2013-05-09,2019-12-20,1996-01-02,2030-12-31
80406.0,109248.0,2003-07-17,2011-06-02,1996-01-01,2011-06-02
80410.0,8155.0,1994-03-18,1998-08-10,1996-01-01,1998-08-10
80470.0,109385.0,1999-11-16,2003-09-25,1996-01-02,2003-09-25
80506.0,8239.0,1998-06-12,1999-06-24,1996-01-01,1999-06-24
80515.0,109485.0,2002-02-01,2003-02-21,1996-01-02,2003-02-20
80539.0,106125.0,2018-03-19,2019-10-02,1996-01-02,2030-12-31
80599.0,106893.0,1998-01-12,2008-09-16,1996-01-02,2008-09-17
80678.0,8285.0,1996-01-22,1999-11-12,1996-01-01,1999-11-12
80681.0,104452.0,2014-04-02,2020-12-31,1996-01-02,2030-12-31
80694.0,8274.0,1994-10-03,1997-05-05,1996-01-01,1997-05-05
80711.0,101583.0,2003-03-14,2020-12-18,1996-01-01,2019-02-20
80913.0,101137.0,2004-04-02,2010-02-05,1996-01-01,2010-02-05
81045.0,109507.0,2015-04-07,2020-12-31,1996-01-02,2030-12-31
81055.0,102702.0,1998-07-01,2020-12-31,1996-01-01,2030-12-31
81061.0,107325.0,1999-01-13,2020-12-31,1996-01-01,2030-12-31
81126.0,105452.0,1996-12-19,2006-04-21,1996-01-02,2006-04-21
81138.0,101590.0,2002-05-15,2013-06-28,1996-01-02,2017-02-01
81193.0,5934.0,1995-02-01,2000-06-12,1996-01-01,2000-06-12
81262.0,102741.0,2004-03-25,2007-03-22,1996-01-01,2007-03-21
81285.0,101441.0,2002-05-13,2008-06-05,1996-01-01,2008-06-05
81481.0,103908.0,2011-12-19,2020-12-31,1996-01-02,2030-12-31
81540.0,101475.0,2001-08-30,2020-12-31,1996-01-01,2030-12-31
81593.0,111884.0,1997-07-02,2008-09-29,1996-01-01,2012-03-18
81655.0,103682.0,1995-05-30,2020-12-31,1996-01-02,2030-12-31
81677.0,111849.0,2019-02-27,2020-12-31,1996-01-01,2030-12-31
81696.0,104146.0,2017-03-13,2020-12-31,1996-01-02,2030-12-31
81736.0,109593.0,2017-07-26,2020-12-31,1996-01-01,2030-12-31
81774.0,105003.0,1995-07-31,2020-12-31,1996-01-01,2030-12-31
81776.0,107095.0,2007-05-31,2011-12-16,1996-01-02,2016-04-20
81857.0,103399.0,2008-01-29,2016-04-01,1996-01-01,2016-04-01
82196.0,103770.0,2009-04-02,2015-03-20,1996-10-21,2030-12-31
82298.0,103821.0,2009-02-26,2016-09-30,1996-01-02,2030-12-31
82303.0,112282.0,2017-06-19,2020-12-31,1996-01-01,2030-12-31
82307.0,103715.0,2008-07-31,2020-12-31,1996-01-01,2030-12-31
82308.0,8672.0,1996-10-16,2000-07-14,1996-01-01,2000-07-14
82309.0,8680.0,1995-11-01,1998-06-12,1996-01-01,1998-06-12
82515.0,109791.0,2020-10-07,2020-12-31,1996-01-02,2030-12-31
82581.0,109951.0,2015-03-18,2020-12-31,1996-01-02,2030-12-31
82598.0,108055.0,1999-06-25,2020-12-31,1996-01-02,2030-12-31
82618.0,109901.0,2006-04-20,2016-05-12,1996-01-02,2016-05-11
82642.0,106858.0,2006-01-05,2020-12-31,1996-01-01,2030-12-31
82643.0,106917.0,1999-08-13,2012-09-28,1996-01-01,2016-11-28
82647.0,5983.0,1995-11-03,2000-03-31,1996-01-01,2000-03-31
82651.0,111902.0,2002-01-02,2020-12-31,1996-01-02,2030-12-31
82686.0,103065.0,1999-12-01,2020-12-31,1996-01-02,2030-12-31
82775.0,105581.0,1995-12-20,2020-12-31,1996-01-01,2030-12-31
82776.0,8747.0,1995-12-20,1998-02-20,1996-01-01,1998-02-23
82959.0,112037.0,1995-08-18,2002-02-08,1996-01-01,2002-03-14
83111.0,101210.0,2012-05-25,2020-12-31,1996-02-28,2030-12-31
83143.0,106407.0,2009-01-06,2020-12-31,1996-02-01,2030-12-31
83332.0,107050.0,1996-10-01,2006-11-30,1996-04-04,2006-11-30
83413.0,109921.0,2000-05-05,2002-05-10,1996-04-04,2015-02-05
83421.0,110590.0,2006-04-03,2013-05-23,1996-04-17,2030-12-31
83435.0,112180.0,1999-12-08,2017-06-16,1996-04-12,2017-06-16
83440.0,101725.0,1998-04-08,2000-12-01,1996-05-13,2000-12-01
83443.0,102109.0,2010-02-16,2020-12-31,1996-05-09,2030-12-31
83462.0,111256.0,1996-05-31,2004-03-24,1996-05-31,2030-12-31
83583.0,111951.0,1999-06-09,2004-11-30,1996-05-22,2004-11-30
83596.0,104232.0,1998-08-11,2008-08-26,1996-06-12,2008-08-25
83601.0,112136.0,1988-07-14,2004-12-17,1996-01-01,2030-12-31
83621.0,101566.0,2017-06-19,2020-12-31,1996-06-20,2030-12-31
83630.0,102364.0,2000-11-06,2001-08-31,1996-06-21,2030-12-31
83693.0,110143.0,2000-05-05,2006-01-31,1996-06-28,2006-01-31
83699.0,111062.0,2007-10-29,2012-12-21,1996-06-05,2013-01-07
83862.0,104081.0,2004-04-01,2020-10-06,1996-08-16,2030-12-31
83906.0,110510.0,2008-11-19,2018-11-30,1996-08-23,2030-12-31
83976.0,100974.0,2007-03-29,2013-12-20,1996-09-26,2030-12-31
83981.0,102636.0,2000-12-01,2005-12-01,1996-09-20,2005-12-05
83988.0,105351.0,1996-09-30,1998-03-31,1996-10-07,1998-03-31
84001.0,111498.0,2001-02-07,2007-03-28,1996-09-27,2007-03-28
84020.0,105926.0,1996-11-01,2010-02-26,1996-11-04,2010-02-25
84032.0,107939.0,2005-03-14,2020-12-31,1996-10-29,2030-12-31
84036.0,109841.0,2000-03-16,2007-03-30,1996-10-11,2007-03-30
84129.0,112233.0,2001-06-25,2020-12-31,1996-01-02,2030-12-31
84176.0,109988.0,2005-12-20,2008-06-30,1996-11-15,2030-12-31
84342.0,110771.0,2001-06-04,2011-12-16,1996-12-13,2016-10-31
84372.0,107846.0,2000-01-03,2007-09-28,1997-01-02,2030-12-31
84373.0,109371.0,2002-12-12,2020-12-31,1997-01-14,2030-12-31
84375.0,110950.0,1996-12-12,1999-11-04,1996-12-13,2030-12-31
84381.0,109678.0,1996-12-09,2020-12-31,1996-12-16,2030-12-31
84519.0,103022.0,2001-08-30,2009-12-18,1997-02-07,2030-12-31
84761.0,110786.0,2018-03-19,2020-12-31,1997-04-15,2030-12-31
84767.0,101209.0,2017-03-20,2020-12-31,1997-05-28,2030-12-31
84769.0,101519.0,2008-09-30,2020-12-31,1997-05-20,2030-12-31
84788.0,101310.0,2005-11-21,2020-12-31,1997-05-15,2030-12-31
85032.0,109396.0,2000-07-06,2011-03-31,1997-06-24,2011-03-31
85035.0,206043.0,2015-06-12,2020-12-31,2015-01-02,2030-12-31
85058.0,102294.0,2006-04-03,2020-12-31,1997-06-18,2030-12-31
85072.0,109088.0,2007-02-02,2020-12-31,1997-06-12,2030-12-31
85073.0,109274.0,1997-06-11,2005-09-30,1997-06-13,2005-09-30
85238.0,104420.0,2001-10-10,2007-02-09,1997-07-08,2007-02-09
85257.0,101496.0,2013-09-23,2020-12-31,1997-08-08,2030-12-31
85265.0,109812.0,2015-03-23,2020-12-31,1997-08-15,2030-12-31
85269.0,111560.0,2004-04-29,2020-12-31,1997-08-12,2030-12-31
85271.0,101354.0,2007-07-09,2009-03-03,1997-08-29,2017-01-03
85348.0,111206.0,1997-10-07,2020-12-31,1997-10-07,2030-12-31
85459.0,102524.0,2007-03-02,2020-12-31,1997-10-15,2030-12-31
85516.0,109131.0,2000-10-23,2005-03-11,1997-10-01,2013-07-25
85522.0,101612.0,2001-01-02,2006-05-17,1997-11-25,2017-01-26
85592.0,100906.0,2011-06-03,2020-12-31,1997-11-21,2030-12-31
85593.0,101138.0,2014-07-01,2019-12-20,1997-11-21,2030-12-31
85599.0,102529.0,2000-07-17,2001-06-01,1997-12-12,2001-06-01
85621.0,107504.0,2016-09-06,2020-12-31,1997-11-14,2030-12-31
85631.0,101795.0,1989-12-21,2020-12-31,1996-01-01,2030-12-31
85663.0,111436.0,2014-09-22,2020-12-31,1997-12-18,2030-12-31
85675.0,112843.0,2016-12-02,2018-10-10,2001-07-13,2018-10-10
85753.0,111666.0,2006-02-01,2020-12-31,1998-01-30,2030-12-31
85792.0,109356.0,2009-07-01,2020-12-31,1998-02-12,2030-12-31
85869.0,102041.0,1996-07-22,1999-08-06,1996-01-01,2001-01-10
85908.0,105351.0,1998-04-01,2000-12-08,1998-04-08,2030-12-31
85913.0,107248.0,1998-05-21,2020-12-31,1998-03-30,2030-12-31
85914.0,102113.0,1999-06-30,2020-12-31,1996-01-02,2030-12-31
85926.0,110000.0,1998-04-01,2020-12-31,1998-04-08,2030-12-31
85963.0,102362.0,2000-07-03,2016-01-29,1998-04-17,2016-01-29
85991.0,106908.0,2014-11-05,2017-10-12,1998-04-01,2017-10-31
86021.0,106780.0,2004-12-01,2019-06-28,1998-05-19,2030-12-31
86041.0,9412.0,2000-01-06,2000-10-02,1998-05-12,2000-10-03
86102.0,104634.0,2003-04-16,2012-12-31,1998-05-14,2030-12-31
86111.0,101444.0,2007-11-19,2020-12-31,1998-06-05,2030-12-31
86136.0,110051.0,1998-06-30,2020-12-31,1998-06-29,2030-12-31
86158.0,103138.0,2006-11-17,2020-12-31,1998-06-19,2030-12-31
86176.0,106697.0,2000-10-03,2010-12-17,1998-06-25,2011-02-28
86228.0,109586.0,2008-12-05,2020-12-31,1998-07-01,2030-12-31
86305.0,103393.0,2000-06-13,2009-12-18,1998-08-13,2018-10-04
86314.0,112339.0,2001-09-04,2018-09-14,1998-08-18,2018-09-11
86326.0,112288.0,1999-09-29,2001-10-09,1998-08-14,2002-01-30
86339.0,103545.0,2012-03-14,2020-12-31,1998-08-18,2030-12-31
86356.0,104138.0,2002-07-22,2020-12-31,1998-09-24,2030-12-31
86414.0,110434.0,1998-11-24,2004-04-22,1998-11-24,2004-04-22
86496.0,103338.0,2000-01-31,2002-06-25,1999-01-04,2011-04-18
86580.0,108321.0,2001-11-30,2020-12-31,1999-01-22,2030-12-31
86591.0,103751.0,1999-05-28,2005-10-10,1999-02-05,2005-10-10
86725.0,106387.0,2008-11-24,2014-01-23,1999-02-26,2014-02-03
86756.0,108890.0,2001-05-14,2010-02-26,1999-03-31,2010-02-26
86783.0,109182.0,2009-11-06,2020-12-31,1999-03-30,2018-02-26
86799.0,103354.0,2006-06-28,2016-03-03,1999-04-30,2030-12-31
86845.0,103208.0,2006-06-06,2008-03-28,1996-01-01,2008-03-28
86868.0,105329.0,2002-07-22,2020-12-31,1999-05-04,2030-12-31
86946.0,109621.0,2002-09-04,2017-07-25,1999-06-15,2017-07-24
86964.0,104644.0,2010-12-20,2020-12-31,1999-06-04,2030-12-31
86976.0,103352.0,1997-01-15,2002-07-24,1996-01-02,2002-08-08
86979.0,106581.0,2006-06-02,2020-12-31,1999-06-25,2030-12-31
86996.0,109777.0,2017-09-01,2020-12-31,1999-06-16,2030-12-31
87055.0,103466.0,1993-10-22,2020-12-31,1996-01-01,2030-12-31
87070.0,105824.0,2007-02-15,2015-11-02,1999-07-13,2015-10-30
87127.0,6099.0,1989-08-24,1999-10-15,1996-01-01,1999-12-02
87137.0,103802.0,2000-08-30,2020-12-31,1999-08-18,2030-12-31
87184.0,109513.0,2009-07-27,2019-07-12,1999-08-11,2030-12-31
87267.0,102235.0,2011-04-04,2020-12-31,1999-10-01,2030-12-31
87292.0,108710.0,1999-11-05,2010-11-16,1999-11-05,2010-11-16
87299.0,101176.0,2007-07-12,2020-12-31,1999-10-29,2030-12-31
87432.0,101149.0,2000-06-05,2020-12-31,1999-11-18,2030-12-31
87445.0,110885.0,2020-06-22,2020-12-31,1999-11-30,2030-12-31
87447.0,111434.0,2002-07-22,2020-12-31,1999-11-12,2030-12-31
87536.0,105535.0,2001-06-28,2004-04-28,2000-01-27,2004-04-28
87541.0,108706.0,2017-07-26,2020-12-31,2000-01-28,2030-12-31
87657.0,104185.0,2011-04-01,2020-12-31,2000-04-03,2030-12-31
87717.0,104517.0,2007-10-10,2020-12-31,1996-01-02,2030-12-31
87800.0,108719.0,2000-07-28,2002-08-13,2000-03-02,2010-06-30
87842.0,107484.0,2000-12-11,2020-12-31,2000-04-05,2030-12-31
88031.0,105546.0,2012-06-29,2020-12-31,1996-01-02,2030-12-31
88313.0,110531.0,2000-07-13,2011-11-22,2000-06-26,2017-05-26
88319.0,111774.0,2000-06-29,2005-12-30,2000-06-29,2011-01-09
88352.0,106369.0,2008-06-02,2020-12-31,2000-06-13,2030-12-31
88388.0,8680.0,1998-06-15,2000-06-15,1998-06-15,2000-06-14
88436.0,104318.0,2015-01-27,2017-03-01,2000-07-28,2030-12-31
88446.0,105986.0,2015-11-19,2020-12-31,2000-07-28,2030-12-31
88587.0,101820.0,2000-10-02,2007-10-25,2000-10-02,2007-10-25
88590.0,103981.0,2008-12-02,2017-04-04,2000-10-03,2019-02-07
88601.0,110342.0,2001-04-03,2003-07-16,2000-09-27,2003-07-14
88661.0,103109.0,2004-09-01,2020-12-31,2000-10-05,2030-12-31
88664.0,105683.0,2018-11-13,2020-12-31,1996-01-02,2030-12-31
88668.0,107676.0,2002-08-14,2018-06-06,2000-10-18,2018-06-06
88837.0,112498.0,2012-12-12,2020-12-31,2000-12-08,2030-12-31
88845.0,112507.0,2000-12-14,2018-11-30,2000-12-14,2018-11-28
88853.0,112487.0,2000-12-22,2019-06-03,2000-12-22,2030-12-31
88860.0,114685.0,2017-06-19,2020-12-31,2001-01-26,2030-12-31
88873.0,112551.0,2016-04-25,2020-12-31,2001-02-01,2030-12-31
88991.0,115179.0,2006-11-20,2014-09-19,2001-05-23,2016-04-13
89001.0,100933.0,2001-07-09,2004-10-26,2001-07-09,2004-10-26
89002.0,115211.0,2013-12-23,2020-06-19,2001-06-08,2030-12-31
89003.0,112717.0,2006-11-10,2020-12-31,2001-07-09,2030-12-31
89004.0,115259.0,2009-06-05,2017-01-13,2001-06-14,2017-01-13
89006.0,115247.0,2007-04-02,2020-12-31,2001-06-13,2030-12-31
89014.0,115279.0,2001-07-02,2018-11-30,2001-07-02,2018-11-26
89017.0,115225.0,2016-01-05,2020-12-31,2001-06-12,2030-12-31
89070.0,112888.0,2001-08-07,2020-12-31,2001-08-07,2030-12-31
89071.0,112865.0,2011-07-06,2020-12-31,2001-07-19,2030-12-31
89105.0,112931.0,2011-02-28,2015-10-07,2001-08-01,2017-04-05
89179.0,113119.0,2002-07-25,2020-12-31,2001-10-30,2030-12-31
89195.0,113096.0,2002-07-22,2020-12-31,2001-10-23,2030-12-31
89216.0,113166.0,2016-05-03,2018-06-15,2001-11-14,2030-12-31
89217.0,113185.0,2015-07-09,2020-12-31,2001-11-29,2030-12-31
89258.0,113437.0,2002-07-22,2020-12-31,2001-12-13,2030-12-31
89269.0,113430.0,2016-03-30,2020-12-31,2001-12-13,2030-12-31
89301.0,113993.0,2007-12-14,2016-04-22,2002-02-13,2030-12-31
89392.0,5528.0,1989-02-09,1999-11-15,1996-01-01,1999-11-15
89393.0,115422.0,2010-12-20,2020-12-31,2002-05-23,2030-12-31
89463.0,115929.0,2004-10-27,2009-07-24,2002-07-02,2009-11-02
89495.0,116245.0,2002-08-21,2004-04-01,2002-08-21,2004-04-01
89508.0,103038.0,2010-06-28,2020-12-31,2002-10-01,2030-12-31
89509.0,116327.0,2014-06-23,2020-03-02,2002-10-01,2030-12-31
89525.0,103198.0,2002-11-19,2020-12-31,2002-11-19,2030-12-31
89533.0,116416.0,2008-11-14,2020-12-31,2002-10-25,2030-12-31
89565.0,103199.0,2015-09-21,2015-12-11,2002-11-19,2015-12-11
89617.0,104415.0,2015-03-23,2020-12-31,2002-12-31,2030-12-31
89626.0,116532.0,2006-08-11,2020-12-31,2002-12-06,2030-12-31
89641.0,116539.0,2012-07-02,2020-12-31,2002-12-11,2030-12-31
89757.0,117073.0,2005-03-28,2012-09-04,2003-06-10,2018-10-23
89813.0,117627.0,2003-08-20,2012-04-03,2003-08-20,2012-03-30
89866.0,117833.0,2016-05-23,2020-12-31,2003-10-03,2030-12-31
89954.0,119891.0,2006-12-04,2015-07-28,2003-12-23,2015-07-24
90038.0,120322.0,2007-04-10,2020-12-31,2004-02-05,2030-12-31
90071.0,119846.0,2010-01-29,2020-12-31,2004-03-25,2030-12-31
90110.0,121383.0,2004-05-03,2015-09-02,2004-05-03,2015-09-02
90162.0,121535.0,2005-12-02,2015-11-17,2004-05-25,2030-12-31
90199.0,121568.0,2006-11-10,2020-12-31,2004-06-10,2030-12-31
90215.0,121592.0,2008-09-15,2020-12-31,2004-06-23,2030-12-31
90248.0,121706.0,2020-05-12,2020-12-31,2004-07-13,2030-12-31
90272.0,121673.0,2018-09-17,2020-01-27,2004-07-01,2030-12-31
90305.0,121804.0,2016-01-19,2020-12-31,2004-08-12,2030-12-31
90319.0,121812.0,2006-04-03,2020-12-31,2004-08-19,2030-12-31
90352.0,104019.0,2000-10-03,2009-12-18,2000-02-02,2018-04-06
90373.0,122122.0,2016-05-18,2020-12-31,2004-10-29,2030-12-31
90386.0,105914.0,2011-09-26,2020-12-31,2004-10-25,2030-12-31
90435.0,122434.0,2004-12-03,2006-12-01,2004-12-03,2006-12-01
90441.0,122337.0,2004-12-20,2019-03-19,2004-11-12,2019-03-18
90442.0,122338.0,2015-09-21,2019-03-19,2004-11-12,2019-03-18
90454.0,122344.0,2019-07-01,2020-12-31,2004-11-05,2030-12-31
90505.0,122563.0,2019-10-03,2020-12-31,2004-12-15,2030-12-31
90520.0,122791.0,2018-12-24,2020-12-31,2005-01-21,2030-12-31
90537.0,108175.0,2001-01-16,2009-03-26,1996-01-01,2030-12-31
90537.0,108175.0,2011-01-18,2015-07-17,1996-01-01,2030-12-31
90547.0,123096.0,2011-06-02,2012-10-01,2005-02-15,2015-07-15
90601.0,115885.0,2008-10-22,2020-12-31,2005-02-10,2030-12-31
90609.0,108265.0,1991-11-01,2011-04-27,1996-01-02,2011-04-27
90664.0,123611.0,2020-05-12,2020-12-31,2005-04-14,2030-12-31
90805.0,124166.0,2010-03-01,2020-12-31,2005-07-21,2030-12-31
90808.0,124209.0,2007-10-02,2020-12-31,2005-08-09,2030-12-31
90829.0,124758.0,2008-08-27,2020-12-31,2005-08-11,2030-12-31
90880.0,124943.0,2005-10-03,2020-12-31,2005-10-03,2030-12-31
90979.0,125183.0,2014-05-01,2020-12-31,2005-11-18,2030-12-31
90993.0,125175.0,2007-09-26,2020-12-31,2005-11-16,2030-12-31
91041.0,125279.0,2019-12-23,2020-12-31,2005-12-22,2030-12-31
91063.0,125237.0,2006-01-03,2019-12-04,2006-01-03,2030-12-31
91068.0,125504.0,2011-04-28,2020-12-31,2006-01-26,2030-12-31
91103.0,125537.0,2015-09-03,2020-12-31,2006-02-02,2030-12-31
91143.0,125812.0,2007-10-25,2013-11-12,2006-03-08,2013-11-12
91152.0,125971.0,2016-06-03,2020-12-31,2006-03-15,2030-12-31
91207.0,110488.0,2006-04-10,2016-09-22,2006-04-10,2016-09-22
91218.0,126835.0,2006-05-18,2009-06-30,2006-05-18,2009-06-30
91233.0,126938.0,2008-07-18,2020-12-31,2006-05-25,2030-12-31
91380.0,109528.0,1987-01-08,2006-01-31,1996-01-02,2006-01-31
91388.0,127222.0,2006-08-01,2007-04-09,2006-08-01,2007-04-09
91391.0,123082.0,2006-07-18,2015-04-06,2006-07-19,2018-05-28
91392.0,127317.0,2006-08-01,2018-05-30,2006-08-01,2030-12-31
91416.0,127473.0,2015-03-23,2020-12-31,2006-09-06,2030-12-31
91461.0,127593.0,2006-10-02,2020-12-31,2006-10-02,2030-12-31
91547.0,127813.0,2009-12-21,2013-09-20,2006-10-13,2030-12-31
91547.0,127813.0,2019-08-09,2020-12-31,2006-10-13,2030-12-31
91556.0,109706.0,2009-12-21,2020-12-31,1996-01-02,2030-12-31
91611.0,128220.0,2009-10-16,2017-03-17,2006-11-17,2030-12-31
91650.0,128604.0,2007-01-03,2017-02-27,2007-01-03,2017-02-24
91668.0,128575.0,2018-03-07,2020-12-31,2006-12-13,2030-12-31
91849.0,129172.0,2018-06-18,2020-12-31,2007-04-02,2030-12-31
91883.0,129054.0,2009-03-30,2016-05-17,2007-03-01,2016-05-17
91926.0,129410.0,2013-09-11,2020-12-31,2007-05-03,2030-12-31
91937.0,121764.0,2009-06-30,2013-04-30,2007-04-19,2030-12-31
91937.0,121764.0,2019-07-15,2020-12-31,2007-04-19,2030-12-31
92121.0,129716.0,2007-07-02,2020-12-31,2007-07-02,2030-12-31
92156.0,129709.0,2007-07-02,2009-06-04,2007-07-02,2015-01-26
92156.0,129709.0,2011-03-01,2015-01-26,2007-07-02,2015-01-26
92157.0,129711.0,2007-07-02,2009-06-25,2007-07-02,2030-12-31
92157.0,129711.0,2011-10-17,2020-12-31,2007-07-02,2030-12-31
92239.0,133962.0,2016-02-22,2020-12-31,2007-08-03,2030-12-31
92293.0,134207.0,2007-10-01,2017-06-16,2007-10-01,2030-12-31
92322.0,134685.0,2016-04-18,2020-12-31,2007-10-25,2030-12-31
92402.0,134814.0,2018-04-04,2020-12-31,2007-11-15,2030-12-31
92602.0,135403.0,2008-03-31,2020-12-31,2008-03-31,2030-12-31
92611.0,135419.0,2009-12-21,2020-12-31,2008-03-19,2030-12-31
92614.0,136200.0,2016-03-04,2020-12-31,2008-04-23,2030-12-31
92618.0,136216.0,2008-10-07,2018-06-29,2008-05-07,2018-07-09
92655.0,111469.0,1994-07-01,2020-12-31,1996-01-01,2030-12-31
92709.0,137155.0,2008-07-01,2018-03-06,2008-07-01,2018-03-06
92772.0,137521.0,2016-05-13,2016-05-13,2008-08-21,2018-08-31
92778.0,137684.0,2014-08-07,2020-12-31,2008-09-18,2030-12-31
92890.0,138637.0,2009-12-21,2017-06-16,2009-02-11,2017-06-14
92988.0,139386.0,2009-09-01,2015-03-17,2009-09-01,2015-03-16
93002.0,139322.0,2014-05-08,2020-12-31,2009-08-06,2018-04-04
93089.0,139590.0,2015-10-08,2020-12-31,2009-10-07,2030-12-31
93096.0,139733.0,2012-12-03,2020-12-31,2009-11-13,2030-12-31
93132.0,139805.0,2018-10-11,2020-12-31,2009-11-18,2030-12-31
93159.0,104056.0,2012-07-31,2016-03-29,2009-12-23,2019-04-10
93422.0,143086.0,2010-07-01,2015-06-30,2010-07-01,2030-12-31
93429.0,143077.0,2017-03-01,2020-12-31,2010-06-15,2030-12-31
93436.0,143439.0,2020-12-21,2020-12-31,2010-06-29,2030-12-31
21020.0,100917.0,1944-06-07,2003-03-13,1996-01-02,2013-12-08
21020.0,189845.0,2015-03-23,2020-12-31,2013-12-09,2030-12-31
21186.0,112006.0,1957-03-01,2020-12-31,1996-01-02,2002-01-29
21186.0,113859.0,1957-03-01,2020-12-31,2002-01-30,2015-07-01
21186.0,207500.0,1957-03-01,2020-12-31,2015-07-02,2030-12-31
25267.0,109724.0,1957-03-01,2002-07-19,1997-06-30,2005-11-18
48506.0,103981.0,1979-12-27,2020-12-31,1996-01-01,2000-10-01
48506.0,107686.0,1979-12-27,2020-12-31,2000-10-03,2030-12-31
49656.0,101981.0,1995-03-31,2020-12-31,1996-01-02,2007-07-01
49656.0,107407.0,1995-03-31,2020-12-31,2007-07-02,2030-12-31
51596.0,106695.0,2000-12-12,2007-05-30,1999-10-08,2007-05-30
76226.0,111691.0,1994-09-30,2020-12-31,1996-01-02,2006-01-02
76226.0,125232.0,1994-09-30,2020-12-31,2006-01-03,2030-12-31
79764.0,110271.0,1993-10-12,1998-05-20,1996-01-02,1998-03-22
79764.0,113735.0,1993-10-12,1998-05-20,1998-03-23,1998-05-20
87029.0,103349.0,1999-08-09,2002-08-30,1999-08-16,2001-10-07
87029.0,113069.0,1999-08-09,2002-08-30,2001-10-08,2002-08-30
38914.0,102892.0,1969-05-22,2001-03-30,1996-01-01,2001-04-01
42083.0,101197.0,1971-03-04,2006-11-16,1996-01-01,2006-11-16
66157.0,104866.0,1995-10-23,2020-12-31,2001-02-27,2030-12-31
